"","IFNg","IL.2","IL.6","IL.7","IL.8","IL.15","KC.like","IL.10","IL.18","molt.stage"
"213",0.070098117594522,0.106833426164046,-0.413127038298406,2.15272932721418,-4.45130729831435,-2.4489272017243,-2.9792758332684,3.5900015440307,4.37297495660201,"V"
"246",2.69547450771577,-4.72914988898943,-1.38509768571998,3.12571207290787,-2.21625943217808,-1.67762701997682,-1.39346712982947,-1.60919521732848,7.18960979339862,"V"
"248",0.847062361429823,-0.488633204001588,0.129424689604673,0.55470781306195,-4.24544682894435,-4.47339946595208,-1.72200639372931,2.06316836559975,7.33512266293112,"V"
"254",0.420538969478887,-1.62216292590968,-1.61711127907572,4.74907200276679,-4.37651995295104,0.158864551534403,-3.52672877177622,0.965642656982255,4.84840474895032,"V"
"258",1.92563085039658,-3.30937756478658,-3.07338570410537,3.7308998425095,3.53227984761533,0.949010570844111,-3.51205615092189,-5.29472492593421,5.05172323438252,"IV"
"268",-3.05439109776436,3.40201920674895,-1.42784850235142,3.19967748837094,-5.8466068428672,0.0720948132432373,-2.21855160708744,0.539801211601771,5.33380533010553,"V"
"271",0.768754670908417,-0.141642998969546,1.52034251515446,0.658182775870115,-4.8145174924056,-1.1717874076253,-1.46631236164536,-1.70575469618218,6.35273499489498,"V"
"310",-0.0237831720249564,-0.780617319634339,-3.47289517278036,2.13521044299141,1.53460924715102,-2.9001172252146,-2.05186024922742,0.613648815826251,4.94580463291299,"III"
"312",-1.74575959309421,0.74210934434405,-1.50088363793809,4.52241491532019,-6.10887270258783,1.57481786712367,-1.84082978936903,-0.275845962616689,4.63284955881795,"V"
"320",-1.11334310182261,1.61735021000252,-2.81402905598608,0.695272651979175,2.07145289555053,-2.91155616102043,-1.99762451901863,-0.586903913300659,5.03938099361619,"III"
"325",-1.40693248184054,0.501459894949119,-3.46531467769936,3.82540866608995,-3.57523577115325,-3.13449487646549,-2.69889460070629,3.68579759107372,6.26820625575214,"V"
"326",2.42859527393335,-3.64929308993801,-1.90259875244518,3.12346282336016,0.995319228880906,-0.831675240904631,-3.36288493044321,-1.0342095393282,4.23328422688482,"IV"
"328",-0.739430739063563,1.18413639338818,-1.86566483111042,0.355527878485762,1.10713824564361,-2.38452617523512,-1.3408113153111,-0.913397456309629,4.59702799951227,"IV"
"329",-1.58145772834241,1.71864564770623,-2.22220609934857,1.98915584532149,-0.418658446211861,-0.454263895724587,-1.91235694970714,-1.67349361345086,4.55463523975771,"III"
"853",0.43282188440212,-2.50879539485352,-2.31420450606811,6.18439646003011,-4.75835183966604,1.34338261468743,-3.6149614395363,1.05744736857946,4.17826485242485,"III"
"854",-0.792067823300383,2.32958787197372,-0.128183914086969,0.562334862014913,-0.403337745948366,-0.238331346337791,-2.91130270177165,-2.63874008174694,4.22004087920346,"IV"
"857",1.92979346893768,-1.67821122308195,1.59597246925111,-0.118895816912618,-0.901138892745847,0.0560672073048679,-0.980550314315571,-1.53861454238904,1.63557764395136,"IV"
"861",-0.342089189857769,0.143801165125526,-0.380031476824495,0.930250493405134,-3.72984640947712,-1.78237888535642,0.0190274722112496,-1.9653617466508,7.10662857742468,"V"
"862",-0.381106945586515,-0.0318420913360551,-0.90537531191981,1.50440257453144,-3.61241984489873,-1.76575032254734,-0.34902915377804,-1.97747394457557,7.51859504011061,"V"
"869",0.0649284683588869,-0.426190507525054,-2.68461076837632,3.25666242444594,-2.42492886273765,-3.90624830168923,-4.07436814234453,4.09161634091734,6.10313934895061,"V"
"886",2.28371163904899,-3.94146695705003,-3.00736171713761,0.809500624361522,3.15559242275772,-4.67204855370536,-0.493059367090665,1.43221959742508,4.43291231139033,"V"
"896",-1.11865257034561,1.1263055366545,-1.90496874624532,1.65435457771077,-0.324932530272756,-0.563084639161692,-1.46641244693349,-1.9756353004362,4.57302611902979,"IV"
"900",-0.390537734006779,-1.32142708973668,-1.83051896116779,4.01858961722249,-5.27477154110248,-0.652548170248784,-1.22802514302302,2.4075000365844,4.27173898547864,"V"
"1206",0.632185607532123,-1.77561434098866,-3.83367752708497,4.60945958553378,0.829795021992349,-1.07084254921739,-4.63313690226748,-0.237379913955389,5.47921101845563,"III"
"1209",0.779285657429095,-1.08814256657722,-2.28359715733244,3.03423987500421,-0.439893440324742,-1.94997033012453,-3.9497083969997,-0.869945569117944,6.76773192804328,"IV"
"1211",-0.492925125017779,-0.84676812499758,-3.09502372678453,3.78715444811183,-1.8917667460298,-0.937062652236492,-1.93851829508884,-1.16195605025636,6.57686627229955,"IV"
"1221",-0.190105523599984,-1.41607537279648,-3.00617653241674,3.89884669553275,-2.03910462805529,-0.797692163862307,-1.71194426262708,-1.05534612672127,6.3175979145464,"IV"
"1224",0.668481365204891,-0.857257217055677,-0.72082358351385,1.42155094242001,-2.50959573903973,-2.25158720040043,-1.48376594107024,-1.91586351791533,7.64886089137035,"V"
"1228",0.656227412098865,-2.09844647313317,-4.26576764221964,5.20482591852545,0.739629536942666,-0.977864082217737,-4.864565936424,-0.144753843382673,5.75071510981024,"III"
"1235",-2.71389784627245,2.2881063183151,-4.39424803020406,4.43729317385772,-1.30082199159566,-0.67274801566113,-3.51988644877592,-0.386623073154868,6.26282591349125,"III"
"1239",-0.878650495344648,1.12134607879715,-0.60559295005761,0.808294486841876,-3.45157131649171,-2.02620470834412,-0.428776213783401,-2.15602962260854,7.617184740991,"V"
"1244",0.329311763962446,-1.11817175788868,-2.75769418351122,3.63084427571938,-1.10765012579414,-1.55934327466576,-3.44358179158943,-0.83123991088431,6.85752500465172,"IV"
"1257",-0.206162161558165,-1.61988706699971,-3.36268317661715,4.36884916845216,-2.10974059233677,-0.730085025232372,-1.9063727648749,-0.990334293590961,6.55641591275786,"IV"
"1261",1.69105719166983,-4.06084934714336,-1.29328154603671,3.00787347282219,-3.62833160807025,-1.02708745383996,0.272331982752446,-1.62707007039024,6.66535737823605,"V"
"1262",-1.22445124127729,1.8358167610287,-0.555335956302535,0.517514783350148,-3.33338879055033,-2.18817587756806,-0.58033051763837,-2.26823312851435,7.79658396747209,"V"
"1265",3.0997789329031,-5.00290720947369,-1.13569843010933,2.88824358457752,-1.84661150157611,-1.84256942387859,-1.62251779016836,-1.60488712770333,7.06716896542878,"V"
"1272",5.30729378115067,-5.95913295351349,1.51929387279007,2.05013016801696,-2.1032180921527,-1.62241657570641,-3.93131776489042,-1.27391456925467,6.01328213355999,"V"
"1273",-1.33086147818771,0.935481400914051,0.451937117489452,2.84595430875556,-6.34613876905939,3.00019296208963,-0.199678135846141,-6.00446263333176,6.6475752271763,"V"
"1274",0.811256473801105,-1.97538609595451,-0.90281487588069,1.80591203008597,-3.05562763511262,-1.57028017745251,-0.0496326669867166,-2.06709391102022,7.0036668585202,"V"
"1282",3.50222443169817,-5.53334722483406,-1.10402681569139,3.00465793007519,-1.68014897526252,-1.86843425608089,-1.79190072439975,-1.52522438310955,6.99620001760479,"V"
"1283",-0.0751326871999385,0.651127844519178,0.280517741635966,-0.473719023772,-2.30248249089177,-2.285943359561,0.0355959528052436,-2.66908741901984,6.83912344148416,"V"
"1288",-0.771503798766924,1.20091537766259,-0.112425423115752,0.253177704454825,-3.46067726348331,-2.05423300930283,-0.0888209253945089,-2.18247029395998,7.21603763190588,"V"
"1324",0.147816517967076,-0.563622424879689,-2.32661719226153,2.93886300912953,-1.01670720121818,-1.65801001762931,-3.13380119170993,-0.997144014840158,6.60922251544217,"IV"
"1337",-1.74966365442028,2.78949657637943,-1.5891847501856,-0.687639099638158,0.443284330116421,-3.05243605777719,-0.399917096581521,-1.7530487450729,5.99910849717979,"IV"
"1348",-0.348344896176802,-0.432011000166632,-2.41662687111868,0.852315231864241,0.533228232257724,-2.42110605523566,0.249852196404448,-1.59944850537775,5.58214166754911,"IV"
"1351",2.69972259532393,-3.9879721179231,-0.707434899951649,2.05508284272737,-1.66495846305961,-2.0620061336342,-1.48866330041894,-1.82731458402434,6.98354406096052,"V"
"1354",0.934054055169146,-1.70391381145403,-0.601945599772428,-0.29743181396217,-0.990657182666872,-2.812202665706,1.43654402987682,-2.40182852203772,6.43738151055326,"V"
"1379",-1.03863158889693,-0.59244805125585,-0.740043052697486,2.1382007867027,-5.69001452530276,-0.117088988946684,1.80444082575453,0.407603245703206,3.82798134893928,"IV"
"1380",3.74344785656053,-5.98795820268845,-0.868057788279064,3.03170289388248,-4.16257452885041,-4.16152076837738,-1.78719105320068,3.39828790664948,6.79386368430348,"V"
"1394",1.98661934247423,-0.907097426175942,0.630299548645003,-4.7641803776864,3.27595808974193,-6.72530471374503,2.00385231043809,-1.34202904682393,5.84188227313204,"V"
"1401",0.159008507615237,0.237895453711184,-0.518057318805609,0.787212083137255,-2.28194261993516,-2.48265167480226,-1.51276422350148,-2.16599319166732,7.77729298424815,"V"
"1402",-0.376152749863461,2.71789859993833,0.77842926512478,-1.54568560885846,-1.16306517917937,-3.44936246336964,-2.0326725153456,-2.66156153979967,7.73217219135309,"V"
"1403",0.764766003739457,-3.29842723767456,-2.76254276208057,4.49598676233721,-3.86355457879586,-1.05071751271666,-0.899314285775918,-1.5128695777381,8.12667318870499,"V"
"1404",3.20602265459963,-6.08835270827956,-2.21354295634373,4.50548086199361,-2.34474398891365,-1.43746218180531,-1.89589736148883,-1.30328781786557,7.57178349810341,"V"
"1405",-1.09518717661061,1.50604048115929,0.0769613777641807,-2.30078978596744,-3.0715557014762,-5.00654220764674,2.82645782939996,0.795019373356636,6.26959581002092,"V"
"1407",0.726579682916445,-1.46225068421463,-0.639284405921899,-0.319666170943293,-1.10513209704734,-2.77996916299258,1.53971863064346,-2.43368960225835,6.47369380981818,"V"
"1414",1.94132306212619,-2.63003004400147,-1.0181734704231,2.18662998379923,-1.76487867729569,-2.38550940969678,-2.41963344563851,-1.69931755566239,7.78958955679251,"V"
"1430",-1.04843369575096,0.579967056673452,-0.842302385573718,-0.61345951112774,-2.19673606444125,-2.44589307323658,2.63697064393613,-2.70090799824116,6.63079502776183,"V"
"1461",-1.51674279610889,2.39811003967688,-1.41079154377953,0.724646162613278,-0.951066163937673,-1.83135578999264,-1.67547924988509,-1.92104661351166,6.18372595492532,"IV"
"1463",-4.14516269849543,5.74048693605177,-1.61145321634296,-1.2008490998986,-1.18234769301496,-2.54071938472442,0.912343790648071,-2.12382946627929,6.15153083205581,"IV"
"1465",1.67049215509884,-2.93526912196317,-0.669060830520621,-0.300529305761943,-0.471884084882853,-2.97830191665161,1.84432239901204,-2.25026099590273,6.09049170157205,"V"
"1476",-0.729310488038649,0.601210114219419,-0.474268391077935,-0.568857236404185,-2.23170447558092,-2.39326101706933,1.78961936700691,-2.69023830167428,6.69681042861896,"V"
"1501",1.73690802561903,-1.3560708125326,0.130456220910127,0.144059006048549,-0.843669418464184,-2.80593263817988,-1.74301863674633,-2.41275645901335,7.15002471235863,"V"
"1507",-0.165005375606408,-0.339293884595668,-2.30818706804262,1.00576703701837,0.62358371072342,-2.44918596856697,-0.586003166899899,-1.6047115692599,5.82303628522967,"IV"
"1513",-2.31471766284566,3.46791150312922,0.752773409515265,-2.88059688388799,-4.98426655679217,-5.2594838756292,3.09425040312804,1.96252457808062,6.16160508530188,"V"
"1516",1.50327816741131,-2.65229270027458,0.0355384666293173,-1.08252655191617,-3.1075210012123,-5.29415519529059,2.5717570136347,2.51719927878261,5.50872252223569,"V"
"1527",1.24089336945261,-2.3391425717682,-0.753095311505791,-0.281884484059287,-0.684345968005013,-2.92584604439282,1.78736242940611,-2.32732235312691,6.2833809339993,"V"
"1528",1.48211187462434,-2.22841204355494,0.202834393684308,-0.921120419277834,-2.88656436951078,-4.80883571985173,1.70752770776918,1.67390098662471,5.77855758949275,"V"
"1554",3.31510539101145,-1.04825460359507,4.27776240205426,-2.29096701359985,-4.10053906906316,-4.43801030002833,-2.77341160600996,2.02754554767819,5.03076925155248,"V"
"1555",1.38674683761115,-0.186955376046508,0.355074943992946,-5.33309238737401,3.37652207609217,-7.54212098717137,2.67447666951892,-0.692961194968876,5.96230941834556,"V"
"1556",-0.877041558107193,1.35356899012145,-2.38596629566192,-2.86416612029314,5.25455377556648,-4.3152647664729,2.18411712362044,-3.75711652036233,5.40731537158912,"IV"
"1562",0.193080018319775,-0.833608938120631,-0.768575597761024,-0.347236357236705,-1.36741400500071,-2.71374974059785,1.74369547384119,-2.51715033928015,6.6109594858361,"V"
"1563",0.900931533603092,-1.47460246435018,-0.169704398995456,-0.748834668061052,-3.05485823755872,-5.01081415678107,1.44987623348262,1.84860891371664,6.25939724494412,"V"
"1581",-4.52723062014703,6.29714829285498,-1.9360043768927,-1.03100235616016,-1.09046486310819,-2.65486005243797,0.532161773498539,-2.19342195950124,6.60367416189376,"IV"
"1586",0.115218006806057,0.573359506460285,-1.4675608761823,1.21130597027831,0.287216058032189,-2.26041621314004,-3.1328955901921,-1.68657875197437,6.36035188991197,"IV"
"1663",1.08228608903822,-0.648125945155299,0.263754744753289,-0.149474225525061,-1.44692042299869,-2.57847312980471,-0.954727671368573,-2.50171557897899,6.93339614003981,"V"
"2009",0.274749810448884,-1.7178051999213,-1.97447799016109,2.53415260829431,-1.24114865943565,-0.611616878468923,-0.634452389690836,-0.346458883770858,3.71705758270545,"IV"
"2010",-0.399013243080494,0.925670497840122,0.204842020572221,-0.409146971177213,-2.0800980087945,-1.84682403667839,0.0869924920293104,-1.27079898782618,4.78837623711513,"V"
"2012",0.38302808907164,0.12195264933013,0.815489368023036,-1.30524498366837,-1.16854138491977,-1.94386580876799,0.766634589784161,-1.69596516117505,4.02651264232221,"V"
"2013",0.346416575646064,-0.834929372228373,-0.998199518458348,1.21730878988935,-0.701608740546429,-1.00385325111239,-0.820986555087812,-0.593252536568783,3.38910460846671,"IV"
"2014",-1.54696140291991,2.88294419029711,-0.368540624352916,-0.303684659937112,-1.00934133040223,-1.57351765470741,-1.1913758281916,-0.821820408325326,3.9322977185394,"IV"
"2015",1.33839556210068,-2.75614569940385,-0.543523288532846,1.33665285786998,-2.06899166317229,-1.1211112790053,0.535904110677713,-1.01089958910024,4.28971898856614,"V"
"2017",1.97665298654782,-4.07929392213056,-0.7459921800107,2.00959982786315,-2.26590485665262,-0.866355768972617,0.626845966181861,-0.746771777553408,4.09121972472708,"V"
"2021",1.47715518509165,-2.66673285311539,-0.437405085493408,1.1856463459679,-1.75508217791771,-1.28874360778677,0.162386038910062,-1.05816724080805,4.38094339515171,"V"
"2022",-0.490387727217746,1.98750330313899,1.27021071769247,-2.12733066493056,-1.35331551045359,-2.21327679544817,0.484322462341412,-1.80365191176692,4.24592612664411,"V"
"2024",0.263207607646206,0.362883738304807,1.16484600885416,-1.57593675025644,-1.52071391754767,-1.79109101621633,1.05517070020176,-1.71321990416823,3.75485353318175,"V"
"2025",1.22061462685257,-2.06946652387794,-0.0467728506572219,0.432792531979511,-1.65767254625571,-1.42710797919505,0.645114822710476,-1.2063047775403,4.10880269598366,"V"
"2026",1.29308191904026,-2.07443183386504,0.0555785056776642,0.414871944942967,-1.67789217213491,-1.41086353365632,0.511207700398662,-1.20144451565563,4.08989198525235,"V"
"2030",1.52119172905799,-2.62099927731922,0.0800175016591084,0.793570770074628,-2.11732117590153,-1.11851253428508,0.587911577792741,-1.04307775714506,3.91721916606642,"V"
"2032",-0.918325858288026,2.68012709020181,0.690947513254355,-1.62772131551445,-0.337926104583752,-1.79266558817508,-0.674224629842185,-1.09888718758027,3.0786760805276,"IV"
"2033",1.54524326611904,-1.27838256144807,0.905315048048531,-1.10970502466248,-0.435042527908017,-2.16838486012685,0.156795945830096,-1.51587240919672,3.90003312334447,"V"
"2034",0.262006805199791,0.264722025413657,1.03129490664776,-1.4863069885775,-1.4629626187329,-1.80486223677719,1.1077392509801,-1.71089161453501,3.79926047038128,"V"
"2037",1.92225083398521,-3.3962489853435,-0.335055516992803,1.33908321602153,-1.82828559600137,-1.17248580628897,0.272594885560158,-0.922783020496131,4.12092998955588,"V"
"2081",0.128374912931122,-0.413835187788032,-0.110371058565439,0.35356543799229,-2.32961799657226,-1.44174212091606,0.394763884711633,-1.15703591559747,4.57589804380421,"V"
"2088",-1.03935180308836,1.87172072070362,-0.707800820451985,-0.254259989031917,-0.142172623396178,-1.61285867289074,-0.727520020283973,-1.16836168496262,3.78060489340217,"IV"
"2096",0.450031368377009,0.136659196589395,1.13750283131344,-1.5152936494207,-1.36305957103789,-1.84811568483602,0.90978357761656,-1.68483939714107,3.77733132853927,"V"
"2097",-2.4953350381426,3.74900882582246,-0.917660542834451,0.264677210799733,-1.86101969387365,-1.3691073731783,-1.12774322279919,-0.655794182854107,4.41297401706011,"IV"
"2098",1.66957244794682,-3.34365229010263,-0.436355384992986,1.50640429435587,-2.26909267847207,-0.951466845186886,0.663659786865802,-0.886477994118418,4.04740866370449,"V"
"2099",-1.51772449209054,2.7817916484082,3.5842007024737,-1.04208010912802,-5.2360875615614,4.02429465387432,1.97802983596299,-6.80060988670639,2.22818520876714,"V"
"2104",0.92721789583197,-0.400394583784666,1.34822995552154,-1.55367822076833,-1.20506502204352,-1.87025699585718,0.784349080651173,-1.61022431136212,3.57982220181114,"V"
"2106",-0.184016046309545,0.491421477209131,0.380180736272392,-0.461608321941747,-2.24746934551333,-1.68698683163243,0.503504024982295,-1.23386455535296,4.4388388622862,"V"
