"","IFNg","IL.2","IL.6","IL.7","IL.8","IL.15","KC.like","IL.10","IL.18","bc_bin"
"213",-3.34930065827419,-1.13233065483461,1.75284475466893,0.352762912567914,0.41529463387188,-2.66526926073696,-2.32775960986353,1.53710475533294,5.41665312726763,"Average"
"246",1.98094498594353,-0.922698712138358,-2.81331390575474,3.67899059294013,-1.13062536967402,-1.94103134383293,-2.4304609476646,-2.34684296801539,5.92503766819637,"Poor"
"248",2.92809976306773,1.39325561838378,1.39151917059638,0.376243672812725,-3.18787404665732,-5.0717933695082,0.0498184528779337,-3.06668962303213,5.1874203614591,"Robust"
"254",-0.942260821042786,-0.853410573492811,-2.60657565987694,3.18535450638248,-1.45430233649068,2.22364561768338,-3.81584325859464,-0.479473821333364,4.74286634676536,"Average"
"258",0.890156143306168,-3.3615408400994,-5.27167378017116,6.7790729977925,1.43920926890285,1.94445087844905,-5.98876157226294,-1.26036175040813,4.82944865449106,"Robust"
"268",-2.98146311754193,-0.416228555833488,-0.934897820572754,1.43824287670834,-3.26196395326656,1.66141870529174,-1.52761634369549,0.250631319665291,5.77187688924485,"Average"
"271",0.548023905728406,1.31328101393873,0.919839814501628,0.352288941637041,-2.54882519702518,-2.593641850366,-2.06021469186233,-1.39011632460241,5.4593643880501,"Average"
"310",-4.74233453412054,-4.41897406651605,-3.67863585321603,3.53331911829075,5.48861739373531,-1.05919770119402,-4.18037290263916,3.37293569934085,5.68464284631889,"Average"
"312",-4.46313231388399,-1.5524640533777,-3.26644205163207,2.72289922693026,-1.47412118700338,4.41391855837963,-3.30916609399333,1.57300796094246,5.35549995363812,"Average"
"320",-3.01110289533753,-3.02765943577264,-2.37203931499862,2.66672849942571,3.4848253359292,-1.85569010515874,-3.10790502713564,1.94714599959805,5.2756969434502,"Average"
"325",-3.28725963301466,-2.29459171488808,-0.614879233551832,1.89348931169491,-0.0952453104604623,-2.8742170177138,-1.06300259054021,0.93648322884111,7.39922295963302,"Average"
"328",-4.35957725713003,-3.33297949203441,-3.10817014410417,2.74271515286505,4.40407379775352,0.0606605613559641,-4.0652454643103,3.10291728766739,4.55560555793698,"Average"
"329",-3.28704149139819,-2.39467959620207,-3.3843663871285,2.96626020932571,1.83984511901985,1.45575767280242,-3.65965763612207,1.7758458428792,4.68803626682364,"Average"
"853",1.29541954517484,-0.750839404820373,-2.86366045915088,3.63249264202896,-1.87712471490046,1.96171189777925,-2.7891847748657,-1.89246797072694,3.2836532394813,"Robust"
"854",-2.25839154758552,-1.84136155420257,-0.227991509585509,2.47126934580629,0.97693672605879,0.0142331625870649,-4.38084185909011,0.959948148125615,4.28619908788595,"Poor"
"857",-5.0406660669094,-2.80802296759647,-1.92988180368692,2.07730617239716,5.22465095120273,2.74000986983055,-6.03991714951639,4.14484984597034,1.6316711483084,"Poor"
"861",1.1733274772001,0.99593689871703,-1.36642994165011,0.915931087546636,-2.85505754543269,-2.38013798861509,-0.224362152545243,-1.94575097706747,5.68654314184682,"Average"
"862",0.771002604280745,-0.0844311280156374,-1.01549262664263,1.90361873853484,-3.17141023688753,-2.4849674894999,-0.299037089569606,-2.09833755146754,6.47905477926725,"Poor"
"869",1.14443212250503,-0.878021923438822,1.09510572405041,1.96369955265249,-1.79524841455768,-4.60644540110851,-0.818281101187794,-2.0332761899463,5.92803563103117,"Poor"
"886",-3.1678313650674,-4.56409373058193,-3.86132047967916,2.917984235173,8.45688285402165,-3.82522065947535,-3.38144079959035,3.46039794243539,3.96464200276416,"Average"
"896",-3.30896529370509,-2.57456520767863,-3.74596887583965,3.06946753688734,2.55128337988412,1.55106327840993,-3.89168104326928,2.01418826901228,4.33517795629897,"Average"
"900",-3.13840559024358,-1.97302733450195,-1.98719518834941,1.9882220685923,0.332677762698295,0.656997148440774,-1.60707418318936,1.31091045679078,4.41689485976215,"Poor"
"1206",2.66494651926081,0.0461445207905684,-2.93450523988001,3.16652049813773,-1.15824631070383,-2.02557606234549,-2.92286514223396,-2.56968430449396,5.73326552146813,"Average"
"1209",5.0910464946964,1.08881947045864,-0.838751464376756,2.719625569537,-3.73653321846179,-3.71107187754167,-1.45831323364298,-4.7279646384398,5.57314289777096,"Robust"
"1211",-0.889027251576083,-1.49834431327077,-2.76704883819805,3.10307034432178,-1.16521626573248,-1.30136948820654,-1.82963515357857,-0.7402586449651,7.08782961120581,"Robust"
"1221",-0.673797811249445,-0.968980573599086,-3.55018493658754,2.6816589911426,-0.479222708398294,-1.07645481334084,-2.00447961329003,-0.488803895756949,6.56026536107958,"Average"
"1224",2.82676377672086,1.09924309054091,-1.21446094261323,1.82513943750633,-3.34716568569793,-2.99682742835172,-1.13798335841042,-3.19079612671597,6.13608723702117,"Average"
"1228",2.77669910252698,-0.171865952297479,-3.2421218458799,3.50961629799963,-1.08803453329675,-2.11659762681629,-3.00145336655528,-2.6889703287397,6.02272825305879,"Average"
"1235",0.805840703033437,-0.48661500143778,-1.52003025715892,2.46142394232219,-3.005917673068,-2.5638780157501,-0.473560189826007,-2.19461660298584,6.97735309487101,"Poor"
"1239",0.735612830918104,0.817542253419611,-0.948281184529265,1.1033871747848,-3.45760840140878,-2.53301020793993,-0.350652594388648,-1.98542072557428,6.61843085471838,"Average"
"1244",3.81002972468883,0.898038196340637,-2.03055587697829,2.51927380476311,-2.77799048393404,-3.1191141348158,-1.55744914213843,-3.65685787284728,5.91462578492125,"Average"
"1256",-1.50502309480962,0.24673658150662,0.419550431284368,0.869908599357205,-0.557365942504462,-1.26393626451657,-3.94309357080829,0.335323762283194,5.39789949820756,"Average"
"1257",-0.620580252700296,-1.15469547124333,-3.77966642896383,2.95922609447034,-0.447056563663863,-1.1514368428007,-2.06560817012938,-0.575178651839127,6.83499628687018,"Average"
"1258",3.73699545705302,0.713358281695627,-0.97546035672,2.49328100888991,-3.59401805851358,-3.3761527499398,-1.05718831917555,-3.92681989656661,5.98600463327697,"Robust"
"1261",-0.245247966705128,-0.827946012575774,-4.05976053295482,2.52767891385484,0.230553340476763,-0.880754584242866,-1.9128557987452,-0.411847406674597,5.58018004756678,"Average"
"1262",0.647540141660927,0.911018401923831,-0.551187481746465,1.00792303687402,-3.91117537534364,-2.67857485022753,-0.272830844531307,-2.0862123366016,6.93349930799177,"Average"
"1265",2.6354677605725,-0.0517109536598556,-3.26281892085,3.20802611122802,-0.844221486651125,-1.92984154926082,-2.86033573345897,-2.4513078643879,5.55674263646815,"Average"
"1272",3.97162766641579,0.56138066588384,0.487417923998714,2.97529568152246,-1.46330769390467,-2.903849737532,-4.87332456265133,-3.33867763976093,4.58343769602812,"Poor"
"1273",-1.17903739471903,0.736308471496094,-4.36767388844459,2.90066013579808,-4.65103142846648,5.25496843142507,-3.25655213858057,-1.08689432972832,5.64925214121975,"Average"
"1274",-0.987514538068258,-1.26026938292616,-2.19505526227526,2.65931923448072,-1.30647401487656,-1.18897994872538,-1.65461287402931,-0.629322420794757,6.56290920721495,"Poor"
"1282",3.2123011516931,-0.38759598481014,-2.8169832848055,3.66431168406478,-1.11337096190655,-2.17061214585598,-2.76716707219102,-2.96645402392764,5.34557063773894,"Robust"
"1288",0.856833569937243,0.672843718401756,-0.203857871817926,1.04090255629135,-3.75482473593158,-2.58844975177406,0.0316939036632164,-2.14914931562093,6.09400792685092,"Robust"
"1301",-0.934155162156462,-0.871462156880054,-3.09077835021808,2.50775567047699,-0.859975511411907,-1.1058486433859,-1.99478268963705,-0.449079731857351,6.79832657506982,"Average"
"1302",-2.02407731526795,-0.0650159332251565,2.7024924048719,0.875886588082599,-1.38672665990922,-1.64310460726206,-4.45890390077375,0.279094850219064,5.72035457326456,"Poor"
"1303",4.03596128557907,0.569806110986019,-1.74002704072569,2.7024825271818,-2.65538414490156,-3.07476247334043,-1.32484495819147,-3.77752353520403,5.26429222861629,"Robust"
"1304",2.56170569417318,-0.208094848268773,-3.39686354944194,3.38921839820169,-0.851639398034162,-1.96862197177167,-2.88408844551967,-2.46238770755597,5.82077182821732,"Average"
"1305",3.75566859499903,0.931477417604088,-0.83160811870803,2.15488881034668,-3.62719078814597,-3.35973990637772,-0.791829331945928,-3.87110468422469,5.63943800645254,"Robust"
"1306",0.918966296538443,0.422183789638644,-0.401769625778289,1.44061800978097,-3.90009555671752,-2.77645908559161,-0.0248321602405448,-2.33852353850041,6.65991187087031,"Robust"
"1308",0.053144822566414,-0.592485249833153,-1.58179654834289,2.3835181633053,-2.6704226763072,-2.14250914229543,-0.914647903881521,-1.64048765282587,7.10568618761434,"Robust"
"1324",3.22529829861247,0.493270922804533,-1.18711317283066,2.53437780104025,-3.1352400540928,-3.01268446371344,-1.31464895210676,-3.48929516052652,5.88603478081292,"Robust"
"1325",2.25160440084567,-0.369199089012816,-4.81078684895684,2.20809401288462,-1.54774004761224,-2.56432186860807,2.15885615791238,-2.40717256505961,5.0806658476069,"Robust"
"1327",1.9903876201659,3.12393620063273,-2.8486170775691,0.168289733617543,-5.87861174628223,2.4970551846352,0.568466582376521,-2.75897420853724,3.13806771096068,"Average"
"1337",3.26995225901941,2.54108067091091,-0.15854345973093,-0.158967194135422,-5.54397770505054,-3.82091458476737,2.06093470026516,-3.81397870579988,5.62441401928865,"Average"
"1348",1.14584879923039,0.711950719914674,-2.55396323381859,1.12233068885744,-2.80261108234694,-2.26245144069048,0.775249919340888,-1.96739850349016,5.83104413300277,"Average"
"1351",2.15331209122955,-0.351146835333979,-2.13517829349352,3.18329754200748,-1.57541528379794,-1.99972873674387,-2.54904776798366,-2.46861288875342,5.74252017286935,"Robust"
"1354",0.826979567725705,0.0651723088774182,-1.64584798607405,1.58000927098734,-3.03200357420681,-2.21206261897697,0.535238090627251,-1.9920555866909,5.87457052773101,"Poor"
"1357",3.83658424093794,-0.215639219322926,-2.62142068048779,3.7487346376166,-1.80068800979881,-2.72945511111831,-2.38315214298967,-3.58618672556103,5.75122301072399,"Robust"
"1358",0.515537870087915,1.60130743460011,3.3209886712443,-1.09633932227705,-3.1580126198688,-4.70788539072462,-0.0861602956072202,-1.47343258979695,5.0839962423423,"Robust"
"1379",-0.155844337092816,1.9141513432881,-3.91306348986664,-0.295229167670462,-2.88439402454828,2.23145226606941,1.14031481856782,-0.606915448729823,2.56952803998269,"Average"
"1380",1.35274315591122,-0.911864617484347,-1.37869571161523,2.32638168556767,0.720737155998876,-3.70421706904295,-2.12138334651201,-1.2631478423513,4.97944658952808,"Poor"
"1391",-0.0515685376008956,1.25140788079483,1.62746536644036,-0.0518296814541484,-4.71478194665618,-2.37737244251135,0.194982530246788,-1.74844063683667,5.87013746757726,"Poor"
"1394",1.23876997781706,0.311922832853355,-0.838512557206142,-0.167724513060149,1.6704637150231,-5.56022184250138,-0.0140398529172889,-0.501409417499389,3.86075165749084,"Average"
"1401",2.10669019851582,1.05632775012274,-0.677662059005931,1.65178022321566,-3.77251262403545,-2.92194809671333,-1.16668263993532,-2.92646708075508,6.65047432859089,"Average"
"1402",2.89425766260275,2.28385555025062,1.53616931926121,0.692141896458081,-5.70160249457932,-3.59729778916857,-0.95790792026139,-3.80961669894872,6.66000047438533,"Average"
"1403",0.239187034104235,-1.21099011227765,-4.1197393882001,3.40351839859554,-0.821146466307999,-1.74919367631494,-1.73840682510385,-1.29377984097385,7.29055087647862,"Average"
"1404",2.76776310908005,-1.12123686169827,-3.77238404869669,4.34456043777893,-0.677451190407533,-2.13589372534671,-2.7262082419492,-2.75400978940069,6.07486031064012,"Robust"
"1405",0.186266077471174,1.45527790656311,0.8028511466004,-1.46911457708296,-4.07326785658379,-4.40548185803747,3.73208517377024,-1.56192211126328,5.33330609856257,"Robust"
"1407",0.516940482561746,0.568972151589067,-2.29902889454248,1.08851089541746,-2.61583554721493,-1.98089457331415,0.332384306393909,-1.54990652525548,5.93885770436485,"Average"
"1414",4.39116172509933,0.55354354589386,-0.958533750193498,3.05124300061764,-3.56379371763322,-3.49630341086551,-1.60549158673337,-4.37745887824356,6.00563307205831,"Poor"
"1430",-2.27248302821101,-0.595107566035269,-1.78321159389817,0.949096048303754,-2.85235160663387,-1.44690457338391,1.23835625363717,-0.176164694424803,6.9387707606461,"Robust"
"1461",-1.97697498062373,-0.800092690868007,-0.375879628774865,1.86765959925954,-2.72881522976215,-1.25693087062302,-1.58580520863314,-0.436075481547881,7.29291449157324,"Poor"
"1463",-0.603408152196536,1.05514862179266,0.70258991787586,-0.44533682921529,-5.76359257616076,-2.98853951196622,3.00682856247404,-1.83408862856469,6.87039859596095,"Poor"
"1476",-2.1433623645935,-0.707850571355125,-1.25160952894923,1.26301464158282,-2.80896387793813,-1.38063801818013,0.370480784199415,-0.281205854969205,6.94013479020309,"Poor"
"1501",1.34208585126407,-0.063242417345468,-0.305102174650759,2.64022121492619,-3.0553941974501,-2.16693650740932,-2.4862336556774,-2.45243510285676,6.54703698919954,"Poor"
"1507",1.32381972412151,0.201768565398024,-1.70547674932312,1.78918306606038,-3.2096745869393,-2.43486515304645,0.261382455502999,-2.36297054264187,6.13683322086782,"Robust"
"1513",-2.95869127818006,0.720280411702477,1.93511082932847,-2.28739128078367,-3.2476180283601,-3.98894078936589,3.55543280298869,0.515616892618922,5.75620044005116,"Poor"
"1527",1.52281764417688,0.866391740512342,-2.59447281421453,1.07106538248985,-2.67878790390947,-2.27561688577714,0.734860333973971,-2.10263120008365,5.45637370283175,"Average"
"1554",-0.990586187016485,1.55864073462184,4.17751484312853,-1.09104636091948,-0.920600359202704,-3.45097203621385,-4.07734723842317,0.214224079114476,4.58017252491085,"Average"
"1555",1.18938166223015,0.466106662232162,-0.511211326275332,-0.791097758924699,1.44083654039169,-6.45848783732118,1.21768757567503,-0.510686433550083,3.95747091554225,"Average"
"1556",1.55872669184332,0.34978281847809,-2.70401257749536,0.513195455594303,-0.628503630798045,-4.43852836727107,1.85282411570729,-1.51834812372548,5.01486361766694,"Average"
"1562",-0.249520072606334,0.344052601035852,-2.27779758960782,1.01769792385913,-2.66496579373568,-1.84055581804515,0.492424462335904,-1.15685872723573,6.33552301399983,"Average"
"1563",-1.08572656998978,0.386732747653881,-0.755951585149182,-0.332489656485046,-1.18953292758327,-3.38031384205782,0.817436957594699,-0.0758741447204516,5.61571902073697,"Average"
"1581",-0.732036531414182,0.914300148803211,0.881820603094611,-0.226575980478129,-6.19355654698196,-3.18722306293229,2.97361948215014,-1.9830599900375,7.55271187779608,"Poor"
"1586",0.843187353559463,0.373620845509285,-0.945150011166182,2.15389915875297,-2.67752216962689,-1.91586745573482,-2.6597239541206,-1.92870051025883,6.7562567430856,"Average"
"1663",0.0972462407054186,0.315362361437543,-1.03471431252224,1.76936329561654,-2.35998497212165,-1.57451192609389,-2.36347565242279,-1.33325251688486,6.48396748228592,"Average"
"2009",0.386543444677957,-0.0551440234165517,-0.815053254001757,0.948177990870177,-1.81820952959085,-2.54176696704617,0.410264012053265,-1.2488680579579,4.73405638441183,"Poor"
"2010",2.26540707334326,1.71804242615996,2.05601190688256,-0.437450102219756,-4.98509138187063,-4.13666180140343,1.96811049746701,-3.10169175945239,4.65332314109341,"Average"
"2012",-0.406796692780245,0.636245465354851,1.47220773200012,-0.160206471099719,-3.37562104288871,-2.52311785217919,0.654377232427677,-1.12229928712076,4.82521091628596,"Average"
"2013",0.505770887661542,0.331082198049233,0.449641842978832,0.545501767898547,-2.46717170094146,-2.63240320479205,0.248442649333367,-1.44079056461501,4.45992612442699,"Average"
"2014",1.81568089495904,2.05541869027935,2.63032178820474,-0.917623084692108,-5.13113505853839,-4.03489429264294,1.68691596279632,-2.7981667830289,4.69348188266289,"Poor"
"2015",0.518209599089838,-0.0399587230269347,-0.388624912381053,0.924070299516332,-2.06246154938044,-2.61170720948307,0.464618285944251,-1.40073287757727,4.59658708729835,"Average"
"2017",1.19249629367316,0.114536878438401,-1.21730621032456,1.00468988123611,-1.37567983118054,-2.57509043071145,0.369991032054405,-1.51816474172342,4.0045271285379,"Poor"
"2021",0.85797633723446,-0.195601140069284,0.170517347285722,1.22754817337398,-2.48875233927628,-2.80968089897694,0.353602952432593,-1.80483056651995,4.68922013451571,"Robust"
"2024",-0.93819419592131,0.812056078171926,1.45985686833413,-0.597063474217792,-3.04682343385259,-2.25638899294822,0.58985650245054,-0.616786735964192,4.5934873839475,"Poor"
"2025",0.517451649353095,0.0138972665106095,0.494040327073879,0.7589927798851,-2.67750716910976,-2.71689866298487,0.6966585591458,-1.58592221133015,4.4992874614563,"Robust"
"2026",0.536263797842599,0.0322168029209576,0.589222876219503,0.769333040306547,-2.64628326306127,-2.69842150529533,0.535631095850533,-1.58299982168815,4.46503697690461,"Robust"
"2030",0.462214240721344,0.222265532806097,0.0809843663746998,0.557174847208861,-2.02105326260796,-2.53337917939842,0.311575420840371,-1.26376133805138,4.18397937210638,"Average"
"2032",0.952615840663812,2.08234008749455,2.878201990757,-1.31021797502356,-4.50870612874892,-3.27205348984575,1.12078209086556,-1.98757984130959,4.04461742514689,"Poor"
"2033",1.45696479604367,1.26504682815456,1.20412807905763,0.0231451248364331,-3.30533460539142,-2.91148106036277,0.229563656198115,-2.09855667497859,4.13652385644238,"Poor"
"2034",-0.851232015939707,0.770632564836491,1.24638842746531,-0.5081601568895,-2.98550799134481,-2.21139474291409,0.633195785426065,-0.656858763918597,4.56293689327883,"Poor"
"2037",1.29190956190546,0.368811021428743,-0.533502573982469,0.857663848802133,-1.86629638051542,-2.68946040312596,0.140359633161587,-1.70528593875351,4.13580123107943,"Poor"
"2081",1.21863661222006,0.915877222568636,1.05936291044435,0.043523786010188,-3.72287975375737,-3.44564178491539,1.42537648766898,-2.19496153085557,4.70070605061613,"Average"
"2088",-0.785127775974824,0.545716659019043,1.37404488216897,-0.0372314218957228,-3.55593654962448,-2.55120036079586,0.493283353981269,-1.02030736831881,5.53675858144041,"Poor"
"2096",-0.592974239495205,0.718825800731277,1.63673650911441,-0.387628035231532,-3.21958710399639,-2.41189600653741,0.609448448009731,-0.912994466966539,4.56006909437166,"Average"
"2097",2.26017488400185,2.28098053742948,2.71792237763288,-1.1199202445825,-5.81965214795227,-4.62896531957932,2.6240255269059,-3.27367741669085,4.95911180283482,"Poor"
"2098",0.715780570907594,0.00870427124290964,-0.580466787725882,0.87900203089291,-1.7113004104556,-2.54662024939039,0.427630818141767,-1.3643175758192,4.1715873322059,"Average"
"2104",-0.00110625009868576,1.09590775310644,1.46839117319219,-0.51884352087438,-2.99258124040498,-2.43454247497408,0.373399849868935,-1.09762147758888,4.10699618777344,"Poor"
"2106",1.95728664010356,1.35694057558409,2.08228517609543,-0.34640134867041,-4.67044771774336,-3.89843351919286,2.08703700923892,-2.84737558330873,4.27910876789337,"Robust"
