"","IFNg","IL.2","IL.6","IL.7","IL.8","IL.15","KC.like","IL.10","IL.18","iav"
"213",-0.17533364014329,0.763727252395848,0.475421949580727,1.01330597583748,-3.41206648975815,-4.17587853593723,-1.94360319852434,2.93324004924109,4.52118663730786,"IAV-"
"246",2.17925480353283,-2.97367183552127,-2.14680538137277,3.21049049685708,-1.10849714609662,-2.2984021909075,-1.73957844990648,-1.6345009565131,6.51171065992783,"IAV-"
"248",0.210735827545847,0.431943826233909,-0.370288685494253,1.27983176790228,-3.31426952346536,-4.54469955965867,-1.95752108324139,2.07447936348599,6.18978806669165,"IAV-"
"254",3.96049677370304,-4.06932900435795,-1.82289699075367,1.25193994314214,-5.63063567992486,0.972034885706958,-1.39977245383761,1.36144715969232,5.37671536662963,"IAV-"
"258",3.02682518492473,-4.29920450856461,-1.88694426711185,3.76807610542405,1.946608812122,1.04973915615912,-2.49612140499245,-6.08347245119012,4.97449337322914,"IAV-"
"268",-1.34067568530582,1.12933368807694,-0.687445780604462,0.353514414601219,-5.5398731968707,-0.165282845008448,0.00903049003261851,0.658834838979176,5.58256407609948,"IAV-"
"271",-2.58201023084223,3.7424938128887,0.715634466077471,0.38074228402131,0.305423610868288,-4.18269418499084,-1.98442738315891,-1.66464507056128,5.26948269569749,"IAV-"
"310",0.150825113565262,-1.36183307320382,-1.27073511764322,3.19000182082653,0.112902150833305,-3.36985602506313,-0.941018452044904,-0.796396937737871,4.28611052046784,"IAV-"
"312",0.482657554861349,-1.58923646585077,-1.38905193472222,1.25914275800663,-6.03598818441009,1.88465392898091,0.126481388957224,0.273446472585739,4.98789448159122,"IAV+"
"320",-2.26327822339847,0.672345643409111,0.125231097343324,3.59385822881139,0.539625137729685,-3.18636771613263,-1.43354014377419,-2.22569735136735,4.17782332737913,"IAV+"
"325",-0.452759039451548,-1.17258776867676,-1.05783663771686,3.5782478866154,-5.29230628443682,-3.74773615356036,-0.968995930103317,2.38509634930031,6.72887757802995,"IAV-"
"326",4.87131539057603,-4.92251981616459,-1.85567123358064,1.99144538383405,-0.709952145620484,0.162475974816265,-2.16674186152342,-1.14902262135534,3.77867092901812,"IAV-"
"328",-1.03027694849167,0.809894601044115,-0.568925413657227,1.35990417224078,0.848903376414479,-2.46558234252723,-0.630938893426683,-1.63442414452357,3.31144559292702,"IAV-"
"329",-1.23919874165195,0.796257052870439,-0.834050063934569,1.2472846742835,-0.114803387969042,-1.1602583407766,-0.288593363794645,-2.30987055831375,3.90323272928662,"IAV-"
"853",2.48704042766696,-3.79763868643029,-1.65974161989568,2.6137765804946,-4.04945242806198,0.145307347443613,-0.864994225940152,0.741112335033225,4.38459026968971,"IAV+"
"854",-3.16421461925414,3.19876614914959,1.60525948016987,1.47342361337253,1.75347852363548,-2.26235041054413,-2.26352204348065,-3.59194303831765,3.25110234526909,"IAV+"
"857",1.36192395286861,0.817952299248478,-0.0929743906984438,-1.93332038916087,2.45998399042188,-1.09194694783625,-0.912636622774518,-0.823488741344648,0.21450684927576,"IAV-"
"861",-2.62117260562825,2.35836145060243,-0.824339593893589,1.45917128730776,-0.657226997955537,-3.27507207984784,-0.407675018870543,-1.9547974226974,5.92275098098297,"IAV-"
"862",-2.42609355636447,1.80231961676466,-0.981890833120131,2.07978717541187,-1.06837971697356,-3.19656750716368,-0.60393295188086,-2.14368155426152,6.53843932758769,"IAV-"
"869",1.59345548374206,-2.41938328182323,-0.583828710672114,3.42256801102593,-5.01905729243279,-3.81401931280042,-2.50913997742253,2.83019656886649,6.49920851151661,"IAV-"
"886",0.0663498829486508,-1.44174312405108,-1.34717442464985,3.91267169247202,3.47692332063308,-6.19757478166386,-0.773636034251777,-0.300839602254152,2.60502307081696,"IAV-"
"896",-1.28288545566596,0.863728418242075,-0.871363972265547,1.21352907172221,0.601972871392608,-1.36627790058607,-0.178905129923785,-2.49068518362329,3.51088728070775,"IAV-"
"900",0.727397821157192,-1.33554460780579,-1.80675809035461,1.17621740714307,-3.88528353306525,-1.84319249850265,0.53750745089382,2.36609839808706,4.06355765244715,"IAV-"
"1206",2.98547741818862,-3.46897986567653,-1.89594225119149,3.06575827901238,-1.50922082840271,-1.7995203450941,-2.40360509514029,-1.58815958629294,6.61419227459707,"IAV+"
"1209",1.35637392907839,-1.64851787975498,-0.99649984831379,2.98687263941623,-1.31276892293886,-2.66368173680354,-2.80740695801615,-1.88593159112171,6.97156036845441,"IAV+"
"1211",-0.42868935365268,-0.736648339990468,-1.87029318677698,2.96429128123475,-1.57198635322278,-2.40175180414606,-0.730498060310562,-2.02759844080203,6.80317425766682,"IAV+"
"1221",-0.310656366731723,-0.829789667150445,-2.00594552893456,2.86637394018694,-1.16402546630413,-2.56242454519673,-0.512090261280532,-1.8773247595565,6.39588265496768,"IAV+"
"1224",-0.498878266857451,0.20777774834149,-0.86656199192374,2.34320132620845,-1.43218342274502,-2.73544181492748,-1.86387187249548,-2.05385310601218,6.89981140041141,"IAV-"
"1228",2.96588747322899,-3.70787997139029,-2.07733890828371,3.4945990718623,-1.45365411647205,-2.07201129074125,-2.38481351420659,-1.68718455093794,6.92239580694054,"IAV-"
"1235",-2.51275897809653,1.29455778615746,-1.17109553930717,2.99362787817662,-1.16897346050694,-3.47577318971769,-0.658760409128168,-2.3333185801636,7.032494492586,"IAV+"
"1239",-2.83900856624455,2.40880609703347,-0.564259118400731,1.81405662861313,-1.48743179600575,-2.94449399586438,-0.852347768685039,-2.25855007022019,6.72322858977404,"IAV+"
"1244",0.419436931893904,-1.18516340275351,-1.26807993059948,3.27790761446918,-1.12141788712467,-3.02674567750508,-2.07987180032478,-1.99284694082016,6.9767810927646,"IAV+"
"1256",-0.287001226444523,1.94343257505538,0.449591794258475,-0.0521757995020162,0.0800294672852356,-3.12048022896618,-2.50444261808808,-1.21400748544793,4.70505352184963,"IAV+"
"1257",-0.389179072947915,-1.02590647955209,-2.10655989296646,3.29810197089005,-1.19251548440562,-2.74727512203468,-0.529364555188847,-1.98202229581972,6.67472093202528,"IAV+"
"1258",-0.0481223813782477,-0.490252639419614,-0.98141675941453,2.88939343079398,-1.25375739987199,-2.94597015336747,-2.09161758827693,-2.03543402488166,6.95717751581645,"IAV+"
"1261",-0.0225374373995285,-0.968043356472703,-2.31535607360851,2.53126826189838,-0.283108195459836,-2.90377519992913,-0.0364132539371236,-1.55006909246502,5.54803434737346,"IAV-"
"1262",-3.02427937494935,2.74384161375149,-0.399218338415787,1.64679178975297,-1.76006488015096,-2.84321156056207,-1.00409610866521,-2.36286507491905,7.00310193415797,"IAV-"
"1265",2.8318688190281,-3.45621059294757,-2.04533321598656,3.16701294476334,-1.20122624482478,-2.04426325839895,-2.1327707069366,-1.54121994922955,6.42214220453256,"IAV+"
"1272",4.57456457110771,-2.98187210557652,-0.216263898994648,1.61666237606959,-0.142445467556718,-2.63798862949632,-4.78259850957124,-0.968958426513689,5.53890009053182,"IAV-"
"1273",-1.09037646788591,1.42255193042465,-1.77019622303922,-0.702667660158327,-2.43412020194481,2.50023290039906,0.496127552349506,-4.34053808995597,5.91898625981103,"IAV-"
"1274",-0.274973645591491,-0.360674732975289,-1.67920565028937,2.13042608099549,-1.50873753733059,-2.04886899219876,-0.692741351193996,-1.82278847874738,6.25756430733137,"IAV+"
"1282",3.37658679500543,-3.87883866058994,-2.15385324472001,3.14337814580875,-1.02461632208352,-2.07749527849589,-2.27658723234426,-1.44232406437635,6.33374986179579,"IAV-"
"1283",-0.281234434783958,0.770804813742633,-0.883076764396839,0.565916514864161,-2.62174839903771,-0.816753901442498,-1.27641573751622,-1.85132319767092,6.39383110624135,"IAV-"
"1288",-2.79126022217346,2.71691948778365,-0.465823643693723,1.22382469882321,-1.23601413406697,-2.84328046918727,-0.722637469135519,-2.07048178204177,6.18875353369185,"IAV+"
"1301",-0.361478679895411,-0.56767039464232,-1.78334966641591,2.59317611621189,-1.54864900387164,-2.24227180073752,-0.716264851288412,-1.93796330160832,6.56447158224765,"IAV+"
"1302",-0.453051784611051,2.95948160592584,1.44785955647173,-0.781266697310873,0.0596624174339848,-3.2409681280141,-3.48894893021575,-1.1962632142535,4.69349517457372,"IAV+"
"1303",0.777967473750541,-1.29214838124364,-1.44871592998464,2.8564696577983,-0.590512499783231,-3.10731620870981,-1.8166155021273,-1.73281726570271,6.35368865600248,"IAV-"
"1304",2.68386055024829,-3.51021089135787,-2.09747316792274,3.46204582458959,-1.26437055040894,-2.16517953195027,-2.12622128460868,-1.63733461032726,6.65488366173788,"IAV+"
"1305",-0.348143098119102,0.044945606941431,-0.936100452243574,2.42944773172441,-0.949768954565475,-3.07824583293765,-1.82846317730225,-1.93850416467399,6.6048323411762,"IAV-"
"1306",-2.98196249806351,2.57431257308459,-0.580436032063524,1.78654051792246,-1.35735737705598,-3.12470651292961,-0.791934618893903,-2.27380208783669,6.74934603583618,"IAV-"
"1308",-1.87081538378096,0.914732726150272,-1.18933802647959,2.64429156715674,-1.58612167644259,-2.83343170195462,-0.834661977677469,-2.25274429486218,7.00808876789039,"IAV+"
"1324",0.443384556614733,-0.794363275504119,-1.16561508080511,2.58619817450881,-1.24222109864476,-2.67653106503822,-1.99583979843104,-1.89937021477613,6.74435780207583,"IAV-"
"1325",-0.211117891679123,-2.33895016786255,-3.9060255584729,3.79565987043904,-0.659432437272102,-2.72317614815901,1.767356648654,-1.43559924838583,5.71128493273847,"IAV+"
"1327",1.341412201649,-0.0313621383585903,-2.34483467044336,-2.35802101600301,-2.89979946970228,3.74248676214148,0.943583874103468,-2.72207774817246,4.32861220478575,"IAV-"
"1337",-0.480142656130414,0.585114862990747,-1.20993524588669,0.890065206475017,-2.88127410810128,-0.84792802245215,-0.865616236916558,-1.77275337801,6.58246957803133,"IAV-"
"1348",1.52180142995694,-2.09981762062352,-2.59042865682023,1.66717493656939,-2.8561783184675,-0.240605854447599,-0.259165358963125,-1.45412007480596,6.3113395176016,"IAV-"
"1351",2.70268048941108,-2.88737306560591,-1.79212817988345,2.49745231865831,-1.52940354982059,-1.65520864215439,-2.21609725855597,-1.54295775868639,6.4230356466373,"IAV-"
"1354",1.37061876185197,-1.75531979932973,-2.25411085271557,1.502289622915,-2.75918411815065,-0.303828187305553,-0.518876974842374,-1.47081353121086,6.18922507878775,"IAV+"
"1357",2.50328510090815,-3.35892479659778,-1.98635750178901,3.69623489140494,-1.01958199493343,-2.64387932351841,-2.33037026457278,-1.7167053837637,6.85629927286201,"IAV-"
"1358",1.17958214773567,0.988235113610286,0.352266808083919,-0.979777976076588,-5.259215162265,-3.08338053490491,-2.3657601950399,3.57995145186105,5.58809834699546,"IAV+"
"1379",1.92456960937448,-1.30333059690732,-3.51846971595647,-1.89134104699313,-4.74651043639159,1.09318159539134,2.69777368640204,2.15632691792327,3.58779998715738,"IAV-"
"1380",4.3225672635868,-4.34779132855782,-2.17378503651377,2.54014619088541,-3.55231921136451,-4.23022533858048,-1.88223403900873,3.5463797405658,5.77726175898731,"IAV-"
"1391",-2.47969350865622,3.80708296832382,0.269227742331854,-0.815266720272023,-2.04797385644252,-1.47951790610394,-1.13242322158317,-1.8668212906148,5.745385793017,"IAV-"
"1394",0.764617023721673,0.19127274682571,-0.893486989123191,0.593409904769474,1.04593922894611,-3.44372041588891,-1.38324449583179,-0.80580337185738,3.9310163684383,"IAV-"
"1401",-0.67839903614489,0.597481585528746,-0.601690199517122,2.02822574044824,-2.04531857414674,-2.26849669298023,-2.0694214667081,-2.1779183992289,7.21553704274902,"IAV-"
"1402",-0.312694119031259,1.35651354207546,0.486716736773383,0.805457678102996,-3.18079942672379,-1.11823481842293,-3.28258222584139,-2.22480458975043,7.47042722281796,"IAV+"
"1403",-1.29333902855201,-0.862013713724835,-2.18960816264468,4.4133982156138,-0.921995927421371,-3.70798574150602,-0.441948357025917,-2.29796903630281,7.30146175156384,"IAV+"
"1404",2.45608599499907,-3.97480045562815,-2.50663939107326,4.4236347604101,-0.862134131079295,-2.84559745218714,-1.83142234460955,-1.74566608665492,6.88653910582313,"IAV+"
"1405",-0.96977859819044,1.14449471276154,-1.57954997350426,-0.00440394631045876,-4.6758181858947,-2.14385005697722,0.752475363478277,1.86518396069615,5.61124672394111,"IAV+"
"1407",1.08471712932544,-1.51415467673782,-2.2358015166338,1.48138469198722,-2.79712598761191,-0.330822469125491,-0.399224568250102,-1.51437100894654,6.22539840599299,"IAV+"
"1414",1.40060413602883,-1.79552915676468,-1.16760916930597,3.08771782435323,-1.48822623253739,-2.57511792519656,-2.71160805174367,-1.94917196441728,7.19894053958348,"IAV-"
"1430",-1.46878122561571,0.718277306904962,-2.09473457161849,1.1241363855253,-2.96846582668556,-0.591717550517621,0.794733078767668,-1.82185920582412,6.30841160906357,"IAV+"
"1461",-0.420081860715774,0.712492433797841,-0.803476139024149,0.889083977283748,-2.91259042498982,-0.767647541263126,-1.43680447357327,-1.98997650304361,6.72900053152816,"IAV+"
"1463",-4.07988213595674,3.882856952212,-0.765613152692376,0.277617466823572,-3.025952788094,-1.24819249829675,0.58798420940097,-2.18741419083706,6.55859613744039,"IAV+"
"1465",2.3692166349433,-2.83434130715781,-2.72613765932833,1.61734888665555,-2.55283509372725,-0.134097657851552,-0.37018304721351,-1.19781924493174,5.82884848861133,"IAV+"
"1476",-1.05159761968035,0.758476514042238,-1.72872519500787,0.872006911273557,-2.81761603283872,-0.686584293456108,0.14156237515914,-1.82069871565407,6.33317605616217,"IAV-"
"1501",2.65548573788627,-2.02741361694489,-0.979285307366839,1.47812015798064,-2.9172022436903,-0.458501171009724,-3.01789740919796,-1.73739712913565,7.00409098147843,"IAV-"
"1507",1.81726593594691,-2.28916423638879,-2.23776387996772,1.87624404183866,-3.03519270411628,-0.222033790248796,-0.956555207365219,-1.56595220785732,6.61315204815856,"IAV+"
"1513",-2.76817867624314,3.48702261250111,-0.860394489052184,-1.14267711132595,-5.24537585939323,-3.06927363291377,1.30611108862484,3.12658522654146,5.16618084126086,"IAV+"
"1516",2.83833526562831,-2.44722049000277,-2.67591135845724,0.158853109825036,-4.99518622274847,-2.09323559887979,0.49448117350444,3.917245846896,4.80263827423447,"IAV-"
"1527",1.87152683225494,-2.32600041634307,-2.63251806159264,1.54322558116062,-2.66287965809445,-0.224944137073627,-0.295674481689009,-1.32934753328544,6.05661187466267,"IAV-"
"1528",2.65841783683391,-2.09940490052183,-2.22947615961056,0.23404573143747,-4.58500586913202,-1.87967849691675,-0.178160441151327,2.95738544075868,5.12187685830242,"IAV-"
"1554",3.729965128489,0.304631810850176,1.42926505259262,-2.29469395468298,-3.80195126047923,-2.79550472879028,-4.56500093302633,3.50661415598867,4.48667472905835,"IAV-"
"1555",0.0972472861154726,0.637748514944693,-0.974012191461344,0.655076529334867,0.626268398507277,-3.91289311335164,-0.898503754558986,-0.236207842808565,4.00527617327822,"IAV-"
"1556",-1.42877936516095,0.683723603795148,-1.86461948625645,1.85895867358399,1.61110257862881,-1.79200785935525,0.114944885505324,-4.16505230890569,4.98172927816507,"IAV+"
"1562",0.423019510882892,-0.908455908398953,-2.22753782176997,1.37755075692217,-2.88549723973819,-0.423255500390228,-0.107952614801373,-1.63054092768315,6.3826697449768,"IAV-"
"1563",2.18466824346903,-1.86673624562603,-2.12763509472285,0.576253182878909,-5.24700420378799,-1.98644365613732,-0.26338778064597,2.95783684149059,5.77244871308163,"IAV-"
"1581",-4.3415906443022,3.93901336513713,-0.655724700617244,0.66204927777414,-3.46851138039573,-1.2367413589082,0.343963443880484,-2.42925236705638,7.186794364488,"IAV+"
"1586",2.15241052615053,-1.69374664185386,-0.900608979102393,1.59053502497178,-3.07550409823392,-0.46516001369013,-2.89057896786044,-1.84350630692427,7.12615945654271,"IAV+"
"1663",1.47878840393627,-0.935524387825539,-0.911840096994206,1.12846287402871,-2.75935583808337,-0.576688252438737,-2.30536236682674,-1.74875053881425,6.63027020301786,"IAV+"
"2009",-0.0706018187539989,-0.395768888794804,-1.56047224058832,1.68743703529927,-0.562569727694937,-2.39005131796724,-0.289352928875912,-0.978051839330474,4.55943172670641,"IAV-"
"2010",-2.05812261046966,2.43749806777124,-0.100201256293802,0.607630959110057,-0.947427855090021,-2.60519637141773,-0.915208477002359,-1.30435236074484,4.88537990413712,"IAV-"
"2012",0.204654309081739,0.755927791560068,-0.59113272975157,-0.312027448422475,-1.89647669996778,-0.694464715055836,-1.02446142738428,-0.915189021369831,4.47316994130996,"IAV-"
"2013",0.523199246420261,-0.134709064351757,-1.02833328652591,0.695649239410051,-0.93528675429588,-1.69333845895268,-0.919521906993065,-0.835421599274032,4.327762584563,"IAV-"
"2014",-2.10819550360311,2.98196039315656,0.327362042985194,-0.00677507515955686,-1.15961842031491,-2.32447338962408,-1.235032583705,-1.27644922458152,4.80122176084641,"IAV-"
"2015",0.166657050561926,-0.407512726855695,-1.46028601140708,1.4196313083435,-0.636613592892039,-2.18696131650561,-0.433265012346198,-0.914635741032905,4.45298604213409,"IAV-"
"2017",0.516757545449117,-0.972403796630472,-1.80281282359021,1.73615621209678,0.000441386121599667,-2.60477194865012,-0.200123654521184,-0.746125192143959,4.07288227186844,"IAV-"
"2021",0.605213383842783,-0.69208195783462,-1.33471709094409,1.40627983965474,-0.86177612981574,-1.97384170460356,-0.842551665675813,-0.934455239505583,4.62793056488188,"IAV-"
"2022",-1.07385546673147,2.3841260165316,0.196701685018392,-0.743622749274825,-1.9943197081232,-1.03000965286569,-1.31504536212072,-1.11635043483862,4.69237567240453,"IAV-"
"2023",0.685972313388493,-1.28253827792557,-1.89188182329684,2.07927398564453,0.444140389534727,-3.04378360041392,-0.266182330396049,-0.700114432516248,3.97511377598088,"IAV-"
"2024",-0.218213581849803,1.39489369597107,-0.439287546098809,-0.754801193272085,-1.62723509522489,-0.808460914196279,-0.803397850433527,-0.829811030937047,4.08631351604136,"IAV-"
"2025",0.442153674367094,-0.247289468810189,-1.23573300366545,0.822673395492534,-0.987573656224707,-1.64994534261569,-0.650959040463245,-0.844736184405363,4.35140962632502,"IAV-"
"2026",0.50657348008654,-0.219553113110781,-1.15094032083622,0.760125868277593,-0.945729951947728,-1.66754205975844,-0.769734725516459,-0.833459109358382,4.32025993216387,"IAV-"
"2030",0.290441003119663,-0.054069651463868,-1.18782496477302,0.800984383067787,-0.440209292997181,-2.09828410126646,-0.576713689898277,-0.748750746840591,4.01442706105194,"IAV-"
"2032",-0.622100653091226,2.38403219796034,0.328850055296445,-1.27034363159008,-1.4584915290325,-1.10040272234916,-1.43034983106205,-0.845137532142359,4.01394364601059,"IAV-"
"2033",1.88217498222324,-0.754317774206998,-0.753575854272919,-0.0635111502464695,-1.77043002864018,-0.510291065237525,-1.71559110388802,-0.698765266331623,4.38430726060049,"IAV-"
"2034",-0.155138077461136,1.2356691908247,-0.557057378172531,-0.659641659887091,-1.63629233678479,-0.775879281481427,-0.714913479445182,-0.837927223520535,4.10118024592799,"IAV-"
"2037",0.905298316982217,-0.947695868876076,-1.46042629910952,1.36347483640926,-0.452554618071129,-2.13979964547463,-0.75052958339478,-0.768074546081969,4.25030740761662,"IAV-"
"2081",-1.55703154976493,1.63839621385994,-0.617113822135611,0.90679194135718,-0.717648355178872,-2.59655500682689,-0.547147048320948,-1.17169036598415,4.66199799299427,"IAV-"
"2088",-0.138465480234112,0.865425791309734,-0.509012498137039,0.0630286170515368,-2.33004248338892,-0.682716211666797,-1.18562962241717,-1.16469424903371,5.08210613651647,"IAV-"
"2096",0.0850126624901878,1.09266171806608,-0.470358684295417,-0.656457721370989,-1.65578806330142,-0.767288228113379,-0.954939178233902,-0.812644552045318,4.13980204680416,"IAV-"
"2097",-4.09461156148935,4.42112378614764,0.500101793334262,0.518722526701828,-0.705465671949999,-3.44342430066311,-0.6913820023254,-1.58678794079041,5.08172337103454,"IAV-"
"2098",-0.76422485227743,-1.2779384068736,-0.503828640502369,3.77440862609526,-1.47692450996578,-1.65514913895109,-1.06232921645037,-1.12196625409779,4.08795239302317,"IAV+"
"2099",0.431770751044124,2.41908848658058,-1.00851899391616,-5.21289756304296,-3.14926063206341,6.21776972080169,0.963738083074801,-3.39341869094471,2.73172883846603,"IAV-"
"2104",0.648894745742285,0.710309057672868,-0.481158467197865,-0.766751440806899,-1.44972500929647,-0.7386299836188,-1.14498156468138,-0.667342463742317,3.88938512592857,"IAV-"
"2106",-1.96660679920496,2.43085462904347,-0.252787294782615,0.334726616615423,-0.629355850579058,-2.59962381796049,-0.591264616666976,-1.13196555411964,4.40602268765484,"IAV-"
