"Sample","IFNg","IL-2","IL-6","IL-7","IL-8","IL-10","IL-15","IL-18","KC-like"
"213",-1.23652354258952,-0.793042021615241,0.0119873767116936,0.349803244257645,-0.319293803016149,1.47189587348329,-0.383101740033448,0.194552933680567,-0.798534367950734
"254",0.907041139446227,-0.793042021615241,-0.595332782435203,0.563693959818026,-0.319293803016149,1.82801385876005,2.08331887340918,1.66586542038848,-0.798534367950734
"258",0.907041139446227,-0.793042021615241,-0.595332782435203,1.05347885131519,1.21887066303499,-0.542176264549825,1.81333556488627,1.5159284267124,-0.798534367950734
"268",-1.23652354258952,0.837667740715481,-0.595332782435203,0.710373942046571,-0.319293803016149,1.60864507505181,1.81333556488627,1.28275086789001,-0.798534367950734
"320",-1.23652354258952,0.777214429263536,-0.595332782435203,0.91205066858291,3.44585840153339,1.47189587348329,0.0741057961973565,1.60731908508321,-0.798534367950734
"310",-1.23652354258952,-0.793042021615241,-0.595332782435203,0.988140100099705,2.94854209408589,2.61482294325603,0.0741057961973565,2.87782506913164,-0.798534367950734
"312",-1.23652354258952,-0.793042021615241,-0.595332782435203,0.710373942046571,-0.319293803016149,1.39251247343348,2.9139767198095,1.09571102229879,-0.798534367950734
"325",-1.23652354258952,-0.793042021615241,-0.595332782435203,0.349803244257645,-0.319293803016149,1.82801385876005,-0.383101740033448,2.75598526896955,-0.798534367950734
"326",1.54480833929956,-0.793042021615241,-0.595332782435203,0.988140100099705,1.21887066303499,2.07345236624529,2.66423524785574,1.93278373389028,-0.798534367950734
"328",-1.23652354258952,0.599904634680343,-0.595332782435203,1.05347885131519,4.89135699237932,3.10607466726062,1.81333556488627,1.85678667656915,-0.798534367950734
"329",-1.23652354258952,0.777214429263536,-0.595332782435203,1.41970556838986,1.21887066303499,1.30593044386433,2.27811621582263,1.13460449532027,-0.798534367950734
"853",0.907041139446227,0.114216701940878,-0.595332782435203,2.68791104326132,-0.319293803016149,1.09584297558223,2.27811621582263,-1.06702371228578,-0.798534367950734
"854",-1.23652354258952,2.0108761001655,0.0119873767116936,2.25849626425476,2.35156093631366,-0.0174523987068675,1.81333556488627,1.28275086789001,-0.798534367950734
"857",-1.23652354258952,-0.793042021615241,0.0119873767116936,0.769435706198799,2.60457444285911,1.82801385876005,2.4313006722751,-2.95706093198983,-0.798534367950734
"869",0.907041139446227,0.114216701940878,-0.595332782435203,0.349803244257645,-0.319293803016149,1.99957766418004,-0.383101740033448,1.77736282500367,-0.798534367950734
"886",-1.23652354258952,-0.793042021615241,-0.595332782435203,1.3902805975582,4.93622595129794,2.07345236624529,-0.383101740033448,-1.20198973278764,-0.798534367950734
"896",-1.23652354258952,0.968906095298254,-0.595332782435203,1.74868713524977,2.48829512157111,1.60864507505181,2.55701129979151,0.973377432671243,-0.798534367950734
"900",-1.23652354258952,-0.793042021615241,-0.595332782435203,1.05347885131519,-0.319293803016149,1.82801385876005,0.0741057961973565,-1.87499262444454,-0.798534367950734
"246",0.299088747604737,-0.793042021615241,-0.595332782435203,0.583611709930071,-0.319293803016149,-0.542176264549825,-0.383101740033448,-0.254444383336418,-0.798534367950734
"248",0.82666323443995,2.25592422207867,-0.595332782435203,0.526488588313062,-0.319293803016149,0.965575525481064,-0.383101740033448,-0.011986146328366,-0.798534367950734
"271",-1.23652354258952,1.24535016701234,0.552283411354285,1.42322588896463,-0.319293803016149,-0.542176264549825,-0.383101740033448,-1.03507511517487,-0.798534367950734
"861",-1.23652354258952,1.48776498174853,-0.595332782435203,0.63533622641353,-0.319293803016149,-0.542176264549825,-0.383101740033448,-2.34670743089287,-0.798534367950734
"862",-1.23652354258952,1.06361742936575,-0.595332782435203,0.726271517978613,-0.319293803016149,-0.542176264549825,-0.383101740033448,-0.896324116210865,-0.798534367950734
"1206",0.991529512401519,-0.793042021615241,-0.595332782435203,-0.067965125180146,-0.319293803016149,-0.542176264549825,-0.383101740033448,-0.0963118079846061,-0.798534367950734
"1209",1.53350415753182,1.183039562852,-0.595332782435203,0.583611709930071,-0.319293803016149,-0.542176264549825,-0.383101740033448,-0.140312269194146,-0.798534367950734
"1211",-1.23652354258952,-0.793042021615241,-0.595332782435203,0.390045363940058,-0.319293803016149,-0.542176264549825,-0.383101740033448,0.426442833356789,-0.798534367950734
"1221",-1.23652354258952,-0.793042021615241,-0.595332782435203,0.63533622641353,-0.319293803016149,-0.542176264549825,-0.383101740033448,-0.426830659095967,-0.798534367950734
"1224",-0.0119687582245644,1.12815566986853,-0.595332782435203,0.30725474748657,-0.319293803016149,-0.542176264549825,-0.383101740033448,-0.230995561028716,-0.798534367950734
"1228",1.010555659259,-0.793042021615241,-0.595332782435203,0.390045363940058,-0.319293803016149,-0.542176264549825,-0.383101740033448,0.582301689859008,-0.798534367950734
"1235",-1.23652354258952,0.955080563171594,-0.595332782435203,1.36215583174782,-0.319293803016149,-0.542176264549825,-0.383101740033448,0.220148067777379,-0.798534367950734
"1239",-1.23652354258952,1.42326796920411,-0.595332782435203,0.208784336956923,-0.319293803016149,-0.542176264549825,-0.383101740033448,-0.646535053919684,-0.798534367950734
"1244",0.594856983056325,0.88527699131483,-0.595332782435203,1.1224770473593,-0.319293803016149,-0.542176264549825,-0.383101740033448,0.0288476986220272,-0.798534367950734
"1256",-1.23652354258952,-0.793042021615241,1.8279845404447,0.390045363940058,-0.319293803016149,-0.542176264549825,-0.383101740033448,-0.767451638856462,-0.798534367950734
"1257",-1.23652354258952,-0.793042021615241,-0.595332782435203,0.986125969762239,-0.319293803016149,-0.542176264549825,-0.383101740033448,0.183714834137955,-0.798534367950734
"1258",0.471693917035127,1.24535016701234,-0.595332782435203,0.803636723010269,-0.319293803016149,-0.542176264549825,-0.383101740033448,-0.140312269194146,-0.798534367950734
"1261",-1.23652354258952,-0.793042021615241,-0.595332782435203,1.10206343705827,-0.319293803016149,-0.542176264549825,-0.383101740033448,-2.20478461016699,-0.798534367950734
"1262",-1.23652354258952,1.59026012821705,-0.595332782435203,-0.067965125180146,-0.319293803016149,-0.542176264549825,-0.383101740033448,-0.118378950102239,-0.798534367950734
"1265",0.82666323443995,-0.793042021615241,-0.595332782435203,0.30725474748657,-0.319293803016149,-0.542176264549825,-0.383101740033448,-0.479407032936552,-0.798534367950734
"1272",2.26614245952836,-0.793042021615241,0.96546382721909,0.63533622641353,-0.319293803016149,-0.542176264549825,-0.383101740033448,0.410254542055093,-0.798534367950734
"1273",-1.23652354258952,0.88527699131483,-0.595332782435203,1.16109658164824,-0.319293803016149,-0.542176264549825,3.36047275944159,0.291736134706723,-0.798534367950734
"1274",-1.23652354258952,-0.793042021615241,-0.595332782435203,-0.283739515142099,-0.319293803016149,-0.542176264549825,-0.383101740033448,-0.767451638856462,-0.798534367950734
"1282",1.19972594911876,-0.793042021615241,-0.595332782435203,0.390045363940058,-0.319293803016149,-0.542176264549825,-0.383101740033448,-0.675966044430628,-0.798534367950734
"1283",-1.23652354258952,-0.793042021615241,-0.595332782435203,-1.13136437048023,-0.319293803016149,-0.542176264549825,-0.383101740033448,-0.589161568655913,-0.798534367950734
"1288",-1.23652354258952,1.54256694681653,-0.595332782435203,-0.067965125180146,-0.319293803016149,-0.542176264549825,-0.383101740033448,-1.83533920113613,-0.798534367950734
"1301",-1.23652354258952,-0.793042021615241,-0.595332782435203,0.0868552915616294,-0.319293803016149,-0.542176264549825,-0.383101740033448,-0.0963118079846061,-0.798534367950734
"1302",-1.23652354258952,-0.793042021615241,4.05120376816164,0.208784336956923,-0.319293803016149,-0.542176264549825,-0.383101740033448,0.393600423223689,-0.798534367950734
"1303",0.643131918505212,0.799268298592784,-0.595332782435203,1.19747898574533,-0.319293803016149,-0.542176264549825,-0.383101740033448,-1.26505309878315,-0.798534367950734
"1304",0.762244935912749,-0.793042021615241,-0.595332782435203,0.526488588313062,-0.319293803016149,-0.542176264549825,-0.383101740033448,0.0288476986220272,-0.798534367950734
"1305",0.299088747604737,1.50220224835804,-0.595332782435203,0.803636723010269,-0.319293803016149,-0.542176264549825,-0.383101740033448,-0.964626805990918,-0.798534367950734
"1306",-1.23652354258952,1.62742448335283,-0.595332782435203,0.390045363940058,-0.319293803016149,-0.542176264549825,-0.383101740033448,-0.646535053919684,-0.798534367950734
"1308",-1.23652354258952,0.223047223142243,-0.595332782435203,0.526488588313062,-0.319293803016149,-0.542176264549825,-0.383101740033448,0.36042586225823,-0.798534367950734
"1324",0.393915647386712,0.687682459489026,-0.595332782435203,0.462613145820309,-0.319293803016149,-0.542176264549825,-0.383101740033448,-0.426830659095967,-0.798534367950734
"1325",0.157069489625454,-0.552104469669289,-0.595332782435203,1.43810098751893,-0.319293803016149,-0.542176264549825,-0.383101740033448,-0.570460210663838,1.23045279435411
"1327",1.33522773827259,0.8802351709288,-0.595332782435203,-1.13136437048023,-0.319293803016149,-0.542176264549825,2.03396934492237,-2.44948130336945,1.05676505452436
"1337",1.21832995675148,1.45856360063599,-0.595332782435203,-1.13136437048023,-0.319293803016149,-0.542176264549825,-0.383101740033448,0.0810627735507236,0.616477685392482
"1348",0.877451543892645,-0.793042021615241,-0.595332782435203,-1.13136437048023,-0.319293803016149,-0.542176264549825,-0.383101740033448,0.522469534231044,0.805608886727632
"1351",0.694760280595132,-0.793042021615241,-0.595332782435203,-0.468223186962911,-0.319293803016149,-0.542176264549825,-0.383101740033448,-0.510802119845298,-0.798534367950734
"1354",0.554764462459748,-0.793042021615241,-0.595332782435203,-1.13136437048023,-0.319293803016149,-0.542176264549825,-0.383101740033448,0.0168938854544123,0.316897790937251
"1357",1.20288252347141,-0.552104469669289,-0.595332782435203,1.09648720948606,-0.319293803016149,-0.542176264549825,-0.383101740033448,0.202202707481386,-0.798534367950734
"1358",0.694760280595132,1.24574471803241,-0.595332782435203,-1.13136437048023,-0.319293803016149,2.42219114995956,-0.383101740033448,-0.453170445937618,-0.798534367950734
"1380",1.39733737677983,-0.793042021615241,-0.595332782435203,0.920613806497238,-0.319293803016149,2.05093431726675,-0.383101740033448,0.76509954662628,-0.798534367950734
"1401",-0.187951587194701,0.975832340125648,-0.595332782435203,-0.468223186962911,-0.319293803016149,-0.542176264549825,-0.383101740033448,0.456273797521955,-0.798534367950734
"1402",0.694760280595132,1.68648745333728,-0.595332782435203,-1.13136437048023,-0.319293803016149,-0.542176264549825,-0.383101740033448,0.632843680695103,-0.798534367950734
"1403",-1.23652354258952,-0.552104469669289,-0.595332782435203,2.39363903847264,-0.319293803016149,-0.542176264549825,-0.383101740033448,1.31906417414307,-0.798534367950734
"1404",0.631557177617911,-0.793042021615241,-0.595332782435203,1.71339482633361,-0.319293803016149,-0.542176264549825,-0.383101740033448,0.58645624031094,-0.798534367950734
"1405",0.337694363491144,1.04969121333409,-0.595332782435203,-1.13136437048023,-0.319293803016149,0.382458638662389,-0.383101740033448,0.351871066221772,1.23045279435411
"1407",0.337694363491144,-0.793042021615241,-0.595332782435203,-1.13136437048023,-0.319293803016149,-0.542176264549825,-0.383101740033448,0.101801560366857,0.316897790937251
"1414",1.28774310755038,0.747107289490534,-0.595332782435203,0.512208266709081,-0.319293803016149,-0.542176264549825,-0.383101740033448,0.489694439112928,-0.798534367950734
"1430",-1.23652354258952,-0.793042021615241,-0.595332782435203,-1.13136437048023,-0.319293803016149,-0.542176264549825,-0.383101740033448,0.351871066221772,0.316897790937251
"1461",-1.23652354258952,-0.793042021615241,-0.595332782435203,-1.13136437048023,-0.319293803016149,-0.542176264549825,-0.383101740033448,0.122289937425855,-0.798534367950734
"1463",-1.23652354258952,1.54515942406939,-0.595332782435203,-1.13136437048023,-0.319293803016149,-0.542176264549825,-0.383101740033448,-0.0493949005779651,0.316897790937251
"1465",1.52669691101278,-0.793042021615241,-0.595332782435203,-1.13136437048023,-0.319293803016149,-0.542176264549825,-0.383101740033448,-0.453170445937618,0.94734093414843
"1476",-1.23652354258952,-0.793042021615241,-0.595332782435203,-1.13136437048023,-0.319293803016149,-0.542176264549825,-0.383101740033448,0.03880895032432,-0.403826737659323
"1507",1.00064593516812,-0.793042021615241,-0.595332782435203,-1.13136437048023,-0.319293803016149,-0.542176264549825,-0.383101740033448,0.901399255082015,0.316897790937251
"1513",-1.23652354258952,1.11057348535067,-0.595332782435203,-1.13136437048023,-0.319293803016149,2.05093431726675,-0.383101740033448,-0.264920242395329,0.316897790937251
"1516",1.26162433083896,-0.793042021615241,-0.595332782435203,-1.13136437048023,-0.319293803016149,2.05093431726675,-0.383101740033448,0.03880895032432,1.05676505452436
"1527",1.09407475926519,-0.793042021615241,-0.595332782435203,-1.13136437048023,-0.319293803016149,-0.542176264549825,-0.383101740033448,-0.0270096670190941,0.805608886727632
"1528",0.943976551713632,-0.793042021615241,-0.595332782435203,-1.13136437048023,-0.319293803016149,1.09584297558223,-0.383101740033448,-0.0950712649475638,0.316897790937251
"1554",1.05076342867739,-0.793042021615241,1.653584857914,-1.13136437048023,-0.319293803016149,1.42922349741943,-0.383101740033448,0.75084752231592,-0.798534367950734
"1555",1.55330783533149,1.73767615575981,-0.595332782435203,-1.13136437048023,2.80119705144153,1.42922349741943,-0.383101740033448,0.927392989506496,1.05676505452436
"1556",0.694760280595132,0.975832340125648,-0.595332782435203,-1.13136437048023,0.669596730817605,-0.542176264549825,-0.383101740033448,0.58645624031094,1.80489827772928
"1562",-0.187951587194701,-0.793042021615241,-0.595332782435203,-1.13136437048023,-0.319293803016149,-0.542176264549825,-0.383101740033448,0.456273797521955,0.316897790937251
"1563",0.694760280595132,-0.793042021615241,-0.595332782435203,-1.13136437048023,-0.319293803016149,1.42922349741943,-0.383101740033448,1.44837807832791,0.316897790937251
"1581",-1.23652354258952,1.63798117807755,-0.595332782435203,-1.13136437048023,-0.319293803016149,-0.542176264549825,-0.383101740033448,1.25592912602969,0.316897790937251
"1586",0.461400302704329,-0.793042021615241,-0.595332782435203,-1.13136437048023,-0.319293803016149,-0.542176264549825,-0.383101740033448,0.888251524736999,-0.798534367950734
"1663",-0.187951587194701,-0.793042021615241,-0.595332782435203,-1.13136437048023,-0.319293803016149,-0.542176264549825,-0.383101740033448,-0.142011249102715,-0.798534367950734
"1394",1.35737447453882,1.11057348535067,-0.595332782435203,-1.13136437048023,2.09344199925882,0.382458638662389,-0.383101740033448,-0.142011249102715,0.316897790937251
"1391",-1.23652354258952,1.36867817769191,-0.595332782435203,-1.13136437048023,-0.319293803016149,-0.542176264549825,-0.383101740033448,-2.84475976343226,-0.798534367950734
"1379",1.09407475926519,0.747107289490534,-0.595332782435203,0.354865251795418,-0.319293803016149,2.36298380995775,2.9047229277713,-0.540100315059062,1.35869316979515
"1501",0.79564811036299,-0.793042021615241,-0.595332782435203,-1.13136437048023,-0.319293803016149,-0.542176264549825,-0.383101740033448,0.617431130403978,-0.798534367950734
"2010",0.475071576574873,1.39697982886403,1.37469314806437,-0.196525041546901,-0.319293803016149,-0.542176264549825,-0.383101740033448,0.11353947862568,1.4824704180337
"2017",0.475071576574873,-0.793042021615241,1.54015657572198,0.836475583043643,-0.319293803016149,-0.542176264549825,-0.383101740033448,-0.529387804467336,1.59036292558832
"2021",0.589720508192276,-0.793042021615241,1.37469314806437,-0.196525041546901,-0.319293803016149,-0.542176264549825,-0.383101740033448,0.414545726529007,1.42079510176795
"2022",0.262240091587827,-0.0532699334321094,1.68231457214175,-1.13136437048023,-0.319293803016149,-0.542176264549825,-0.383101740033448,0.254470347410719,1.53982126033953
"2023",0.554764462459748,-0.793042021615241,1.84575408566802,1.54625310749345,-0.319293803016149,-0.542176264549825,-0.383101740033448,-0.597478148162544,1.4824704180337
"2025",0.475071576574873,-0.793042021615241,1.37469314806437,-0.799793778721569,-0.319293803016149,-0.542176264549825,-0.383101740033448,-0.108767376819703,1.59036292558832
"2030",0.262240091587827,-0.793042021615241,1.91961497026724,-0.196525041546901,-0.319293803016149,-0.542176264549825,-0.383101740033448,-0.551962718921976,1.4824704180337
"2033",1.57864575796852,-0.793042021615241,1.10476549151911,-1.13136437048023,-0.319293803016149,-0.542176264549825,-0.383101740033448,-0.338210797591663,1.53982126033953
"2037",0.775916209783293,-0.793042021615241,1.54015657572198,0.0868552915616294,-0.319293803016149,-0.542176264549825,-0.383101740033448,-0.258991160016998,1.4824704180337
"2081",0.0971085043202759,0.314532278045857,1.58977568465235,0.0868552915616294,-0.319293803016149,-0.542176264549825,-0.383101740033448,0.145764961764391,1.51186753816332
"2104",0.475071576574873,-0.793042021615241,1.54015657572198,-1.13136437048023,-0.319293803016149,-0.542176264549825,-0.383101740033448,-1.17912814413436,1.42079510176795
"2106",0.262240091587827,1.14171430805741,1.37469314806437,-0.196525041546901,-0.319293803016149,-0.542176264549825,-0.383101740033448,-0.81542910150232,1.4824704180337
"2098",0.262240091587827,-0.793042021615241,1.68231457214175,0.416216386327692,-0.319293803016149,-0.542176264549825,-0.383101740033448,-0.485639752678357,1.53982126033953
"2009",0.0971085043202759,-0.793042021615241,1.48755788949145,0.416216386327692,-0.319293803016149,-0.542176264549825,-0.383101740033448,0.442176989275649,1.53982126033953
"2012",0.262240091587827,-0.793042021615241,1.17953815446772,-1.13136437048023,-0.319293803016149,-0.542176264549825,-0.383101740033448,-0.0909426594024784,1.4824704180337
"2013",0.475071576574873,-0.793042021615241,1.63673476587839,-0.799793778721569,-0.319293803016149,-0.542176264549825,-0.383101740033448,-0.108767376819703,1.42079510176795
"2014",0.381572813915473,1.34162742616894,1.84575408566802,-0.799793778721569,-0.319293803016149,-0.542176264549825,-0.383101740033448,0.145764961764391,1.42079510176795
"2015",0.262240091587827,-0.793042021615241,1.48755788949145,0.0868552915616294,-0.319293803016149,-0.542176264549825,-0.383101740033448,0.193158352922452,1.53982126033953
"2024",-0.172721004811184,-0.793042021615241,1.48755788949145,-1.13136437048023,-0.319293803016149,-0.542176264549825,-0.383101740033448,-0.764995985689933,1.42079510176795
"2026",0.475071576574873,-0.793042021615241,1.43294159604271,-0.799793778721569,-0.319293803016149,-0.542176264549825,-0.383101740033448,-0.201252653085119,1.4824704180337
"2032",0.554764462459748,0.170708186168569,1.76692372964808,-1.13136437048023,-0.319293803016149,-0.542176264549825,-0.383101740033448,-1.30590299395747,1.38614150676772
"2034",-0.172721004811184,-0.793042021615241,1.10476549151911,-1.13136437048023,-0.319293803016149,-0.542176264549825,-0.383101740033448,-0.975703832953271,1.35161925595925
"2088",0.0971085043202759,-0.793042021615241,1.10476549151911,-1.13136437048023,-0.319293803016149,-0.542176264549825,-0.383101740033448,1.13640593510932,1.42079510176795
"2096",0.0971085043202759,-0.793042021615241,1.48755788949145,-1.13136437048023,-0.319293803016149,-0.542176264549825,-0.383101740033448,-0.643676949754121,1.45346027057125
"2097",-0.172721004811184,2.68373606214447,1.91961497026724,0.529119329582136,-0.319293803016149,-0.542176264549825,-0.383101740033448,0.469661878174648,1.4824704180337
"2099",-0.935678909381099,-0.793042021615241,1.84575408566802,-1.13136437048023,-0.319293803016149,-0.542176264549825,4.56307059821918,-0.442483957811056,1.4824704180337
