"Sample","IFNg","IL-2","IL-6","IL-7","IL-8","IL-15","KC-like","IL-10","IL-18","analysis.year","batch"
"213","0","0","1","1","0","0","0","1","1","2016","1"
"254","1","0","0","1","0","1","0","1","1","2016","1"
"258","1","0","0","1","1","1","0","0","1","2016","1"
"268","0","1","0","1","0","1","0","1","1","2016","1"
"320","0","1","0","1","1","1","0","1","1","2016","1"
"310","0","0","0","1","1","1","0","1","1","2016","1"
"312","0","0","0","1","0","1","0","1","1","2016","1"
"325","0","0","0","1","0","0","0","1","1","2016","1"
"326","1","0","0","1","1","1","0","1","1","2016","1"
"328","0","1","0","1","1","1","0","1","1","2016","1"
"329","0","1","0","1","1","1","0","1","1","2016","1"
"853","1","1","0","1","0","1","0","1","1","2016","1"
"854","0","1","1","1","1","1","0","1","1","2016","1"
"857","0","0","1","1","1","1","0","1","1","2016","1"
"869","1","1","0","1","0","0","0","1","1","2016","1"
"886","0","0","0","1","1","0","0","1","1","2016","1"
"896","0","1","0","1","1","1","0","1","1","2016","1"
"900","0","0","0","1","0","1","0","1","1","2016","1"
"246","1","0","0","1","0","0","0","0","1","2022","2"
"248","1","1","0","1","0","0","0","1","1","2022","2"
"271","0","1","1","1","0","0","0","0","1","2022","2"
"861","0","1","0","1","0","0","0","0","1","2022","2"
"862","0","1","0","1","0","0","0","0","1","2022","2"
"1206","1","0","0","1","0","0","0","0","1","2022","2"
"1209","1","1","0","1","0","0","0","0","1","2022","2"
"1211","0","0","0","1","0","0","0","0","1","2022","2"
"1221","0","0","0","1","0","0","0","0","1","2022","2"
"1224","1","1","0","1","0","0","0","0","1","2022","2"
"1228","1","0","0","1","0","0","0","0","1","2022","2"
"1235","0","1","0","1","0","0","0","0","1","2022","2"
"1239","0","1","0","1","0","0","0","0","1","2022","2"
"1244","1","1","0","1","0","0","0","0","1","2022","2"
"1256","0","0","1","1","0","0","0","0","1","2022","2"
"1257","0","0","0","1","0","0","0","0","1","2022","2"
"1258","1","1","0","1","0","0","0","0","1","2022","2"
"1261","0","0","0","1","0","0","0","0","1","2022","2"
"1262","0","1","0","1","0","0","0","0","1","2022","2"
"1265","1","0","0","1","0","0","0","0","1","2022","2"
"1272","1","0","1","1","0","0","0","0","1","2022","2"
"1273","0","1","0","1","0","1","0","0","1","2022","2"
"1274","0","0","0","1","0","0","0","0","1","2022","2"
"1282","1","0","0","1","0","0","0","0","1","2022","2"
"1283","0","0","0","0","0","0","0","0","1","2022","2"
"1288","0","1","0","1","0","0","0","0","1","2022","2"
"1301","0","0","0","1","0","0","0","0","1","2022","2"
"1302","0","0","1","1","0","0","0","0","1","2022","2"
"1303","1","1","0","1","0","0","0","0","1","2022","2"
"1304","1","0","0","1","0","0","0","0","1","2022","2"
"1305","1","1","0","1","0","0","0","0","1","2022","2"
"1306","0","1","0","1","0","0","0","0","1","2022","2"
"1308","0","1","0","1","0","0","0","0","1","2022","2"
"1324","1","1","0","1","0","0","0","0","1","2022","2"
"1325","1","1","0","1","0","0","1","0","1","2022","3"
"1327","1","1","0","0","0","1","1","0","1","2022","3"
"1337","1","1","0","0","0","0","1","0","1","2022","3"
"1348","1","0","0","0","0","0","1","0","1","2022","3"
"1351","1","0","0","1","0","0","0","0","1","2022","3"
"1354","1","0","0","0","0","0","1","0","1","2022","3"
"1357","1","1","0","1","0","0","0","0","1","2022","3"
"1358","1","1","0","0","0","0","0","1","1","2022","3"
"1380","1","0","0","1","0","0","0","1","1","2022","3"
"1401","1","1","0","1","0","0","0","0","1","2022","3"
"1402","1","1","0","0","0","0","0","0","1","2022","3"
"1403","0","1","0","1","0","0","0","0","1","2022","3"
"1404","1","0","0","1","0","0","0","0","1","2022","3"
"1405","1","1","0","0","0","0","1","1","1","2022","3"
"1407","1","0","0","0","0","0","1","0","1","2022","3"
"1414","1","1","0","1","0","0","0","0","1","2022","3"
"1430","0","0","0","0","0","0","1","0","1","2022","3"
"1461","0","0","0","0","0","0","0","0","1","2022","3"
"1463","0","1","0","0","0","0","1","0","1","2022","3"
"1465","1","0","0","0","0","0","1","0","1","2022","3"
"1476","0","0","0","0","0","0","1","0","1","2022","3"
"1507","1","0","0","0","0","0","1","0","1","2022","3"
"1513","0","1","0","0","0","0","1","1","1","2022","3"
"1516","1","0","0","0","0","0","1","1","1","2022","3"
"1527","1","0","0","0","0","0","1","0","1","2022","3"
"1528","1","0","0","0","0","0","1","1","1","2022","3"
"1554","1","0","1","0","0","0","0","1","1","2022","3"
"1555","1","1","0","0","1","0","1","1","1","2022","3"
"1556","1","1","0","0","1","0","1","0","1","2022","3"
"1562","1","0","0","0","0","0","1","0","1","2022","3"
"1563","1","0","0","0","0","0","1","1","1","2022","3"
"1581","0","1","0","0","0","0","1","0","1","2022","3"
"1586","1","0","0","0","0","0","0","0","1","2022","3"
"1663","1","0","0","0","0","0","0","0","1","2022","3"
"1394","1","1","0","0","1","0","1","1","1","2022","3"
"1391","0","1","0","0","0","0","0","0","1","2022","3"
"1379","1","1","0","1","0","1","1","1","1","2022","3"
"1501","1","0","0","0","0","0","0","0","1","2022","3"
"2010","1","1","1","1","0","0","1","0","1","2023","4"
"2017","1","0","1","1","0","0","1","0","1","2023","4"
"2021","1","0","1","1","0","0","1","0","1","2023","4"
"2022","1","1","1","0","0","0","1","0","1","2023","4"
"2023","1","0","1","1","0","0","1","0","1","2023","4"
"2025","1","0","1","1","0","0","1","0","1","2023","4"
"2030","1","0","1","1","0","0","1","0","1","2023","4"
"2033","1","0","1","0","0","0","1","0","1","2023","4"
"2037","1","0","1","1","0","0","1","0","1","2023","4"
"2081","1","1","1","1","0","0","1","0","1","2023","4"
"2104","1","0","1","0","0","0","1","0","1","2023","4"
"2106","1","1","1","1","0","0","1","0","1","2023","4"
"2098","1","0","1","1","0","0","1","0","1","2023","4"
"2009","1","0","1","1","0","0","1","0","1","2023","4"
"2012","1","0","1","0","0","0","1","0","1","2023","4"
"2013","1","0","1","1","0","0","1","0","1","2023","4"
"2014","1","1","1","1","0","0","1","0","1","2023","4"
"2015","1","0","1","1","0","0","1","0","1","2023","4"
"2024","1","0","1","0","0","0","1","0","1","2023","4"
"2026","1","0","1","1","0","0","1","0","1","2023","4"
"2032","1","1","1","0","0","0","1","0","1","2023","4"
"2034","1","0","1","0","0","0","1","0","1","2023","4"
"2088","1","0","1","0","0","0","1","0","1","2023","4"
"2096","1","0","1","0","0","0","1","0","1","2023","4"
"2097","1","1","1","1","0","0","1","0","1","2023","4"
"2099","1","0","1","0","0","1","1","0","1","2023","4"
