Sample,iav,iavser,location,year,sex,molt.stage,weight,st.length,ax.girth,bodcond
213,neg,neg,Muskeget,2014,M,V,44.6,107,102,95.3271028
254,neg,neg,Muskeget,2014,NA,V,56.6,120,109,90.83333333
258,neg,neg,Muskeget,2014,F,IV,36.8,96,98,102.0833333
268,neg,neg,Muskeget,2014,M,V,38.8,100,95,95
270,pos,neg,Muskeget,2014,M,III,50,113,107,94.69026549
271,neg,neg,Muskeget,2014,M,V,38,113,99,87.61061947
204-268,neg,NA,Muskeget,2014,M,NA,NA,NA,NA,NA
310,neg,neg,Monomoy,2015,F,III,29,102,92,90.19607843
312,pos,pos,Monomoy,2015,F,V,35.6,117,104,88.88888889
320,pos,neg,Monomoy,2015,M,III,33,104,93,89.42307692
325,neg,neg,Monomoy,2015,F,V,32.4,111,94,84.68468468
326,neg,neg,Monomoy,2015,F,IV,27.4,NA,102,NA
328,neg,neg,Monomoy,2015,M,IV,30.2,104.5,100,95.6937799
329,neg,neg,Monomoy,2015,M,III,33.8,114,97,85.0877193
853,pos,neg,Monomoy,2016,F,III,39,101,101,100
854,pos,neg,Monomoy,2016,M,IV,29.2,104,86,82.69230769
857,neg,neg,Monomoy,2016,M,IV,32.2,112,89,79.46428571
861,neg,pos,Monomoy,2016,F,V,35,111,96,86.48648649
862,neg,pos,Monomoy,2016,F,V,27,107,79.5,74.29906542
869,neg,neg,Monomoy,2016,F,V,38.2,120,99,82.5
886,neg,neg,Monomoy,2016,M,V,34,103,94,91.26213592
896,neg,neg,Monomoy,2016,F,IV,38.8,110,99,90
900,neg,neg,Monomoy,2016,M,V,35.2,122,91.6,75.08196721
1203,neg,neg,Monomoy,2017,F,III,28,100,84.8,84.8
1204,neg,neg,Monomoy,2017,F,V,43,120,93.5,77.91666667
1206,pos,neg,Monomoy,2017,M,III,45.6,107.5,101,93.95348837
1208,neg,neg,Monomoy,2017,M,III,35.6,108,94,87.03703704
1209,pos,neg,Monomoy,2017,M,IV,64.4,108,108,100
1211,pos,neg,Monomoy,2017,F,IV,45.6,109,107,98.16513761
1212,neg,neg,Monomoy,2017,F,III,39.4,NA,NA,NA
1213,neg,neg,Monomoy,2017,M,V,32,97,107,110.3092784
1215,neg,neg,Monomoy,2017,F,V,47.6,102.5,108,105.3658537
1216,neg,neg,Monomoy,2017,NA,V,49.2,116,110,94.82758621
1217,neg,neg,Monomoy,2017,M,III,41.2,113,NA,NA
1218,neg,neg,Monomoy,2017,M,III,32.2,101,100,99.00990099
1219,neg,neg,Monomoy,2017,F,IV,43.2,114,103,90.35087719
1221,pos,pos,Monomoy,2017,F,IV,40.4,108,104,96.2962963
1224,neg,neg,Monomoy,2017,M,V,44,105,101,96.19047619
1227,neg,neg,Monomoy,2017,M,III,44.8,115.5,110,95.23809524
1228,neg,neg,Monomoy,2017,M,III,42.6,114,104,91.22807018
1229,neg,neg,Monomoy,2017,F,II,33,91.5,99,108.1967213
1232,neg,neg,Monomoy,2017,M,V,40.2,115,99,86.08695652
1235,pos,neg,Monomoy,2017,M,III,28.8,111,82.5,74.32432432
1237,neg,neg,Monomoy,2017,F,V,37.4,104,38,36.53846154
1239,pos,neg,Monomoy,2017,F,V,33.4,108,96.5,89.35185185
1240,neg,neg,Monomoy,2017,F,V,47.2,116,104,89.65517241
1244,pos,neg,Monomoy,2017,F,IV,33.4,106,90,84.90566038
1247,neg,neg,Monomoy,2017,NA,V,32,99,86,86.86868687
1248,neg,neg,Monomoy,2017,M,IV,43.2,112,100,89.28571429
1255,neg,neg,Monomoy,2017,F,NA,31,103,90,87.37864078
1256,pos,pos,Monomoy,2017,F,NA,43.5,108,101.5,93.98148148
1257,pos,neg,Monomoy,2017,M,IV,28.2,94,80,85.10638298
1258,pos,neg,Monomoy,2017,F,NA,36,101,101.8,100.7920792
1265,pos,pos,Monomoy,2017,NA,V,41,114.5,98,85.58951965
1267,neg,neg,Monomoy,2017,M,IV,47.2,109,106.5,97.70642202
1270,neg,neg,Monomoy,2017,NA,IV,37.4,99,98.5,99.49494949
1275,neg,neg,Monomoy,2017,NA,V,50.8,124.5,102.5,82.32931727
1280,neg,neg,Monomoy,2017,NA,V,49,111,102,91.89189189
1301,pos,neg,Muskeget,2017,M,NA,39,100,96,96
1302,pos,neg,Muskeget,2017,F,NA,39,113.5,93,81.93832599
1303,neg,pos,Muskeget,2017,M,NA,47.4,97,98,101.0309278
1304,pos,neg,Muskeget,2017,M,NA,37.5,99,91,91.91919192
1305,neg,neg,Muskeget,2017,M,NA,55.6,118,116,98.30508475
1306,neg,neg,Muskeget,2017,F,NA,47.2,107,104,97.19626168
1307,pos,neg,Muskeget,2017,M,NA,42.8,115,98,85.2173913
1308,pos,neg,Muskeget,2017,M,NA,31.8,90,90,100
1324,neg,pos,Muskeget,2017,F,IV,58,109,109.5,100.4587156
1325,pos,neg,Muskeget,2017,F,NA,45.6,103,102.5,99.51456311
1327,neg,neg,Muskeget,2017,F,NA,40,109,97,88.99082569
1328,neg,neg,Muskeget,2017,F,NA,39.6,98,95,96.93877551
1331,neg,neg,Muskeget,2017,F,NA,40.2,101,103,101.980198
1333,neg,neg,Muskeget,2017,F,NA,32,94,90,95.74468085
1337,neg,neg,Muskeget,2017,M,IV,45.6,109,102,93.57798165
1343,neg,neg,Muskeget,2017,F,NA,47.4,101,NA,NA
1348,neg,neg,Muskeget,2017,M,IV,42.6,107,98,91.58878505
1261,neg,pos,Monomoy,2018,F,V,42.8,125,121,96.8
1262,neg,neg,Monomoy,2018,F,V,42.8,105.5,99.5,94.31279621
1272,neg,pos,Monomoy,2018,F,V,26.4,100,81.1,81.1
1273,neg,neg,Monomoy,2018,F,V,43,108,95.5,88.42592593
1274,pos,neg,Monomoy,2018,M,V,27,111,88,79.27927928
1282,neg,neg,Monomoy,2018,F,V,46.2,101,103,101.980198
1283,neg,neg,Monomoy,2018,F,V,37.6,101,NA,NA
1288,pos,pos,Monomoy,2018,F,V,43.2,110,107,97.27272727
1351,neg,neg,Monomoy,2018,F,V,35.8,98,96,97.95918367
1354,pos,neg,Monomoy,2018,F,V,29,107,81,75.70093458
1357,neg,neg,Muskeget,2018,M,NA,45.2,100,100.5,100.5
1358,pos,neg,Muskeget,2018,F,NA,37,103.5,100.5,97.10144928
1379,neg,pos,Monomoy,2018,M,IV,42.8,114,98.5,86.40350877
1380,neg,pos,Monomoy,2018,F,V,26.8,95,80,84.21052632
1387,neg,pos,Monomoy,2018,F,V,35.8,117,101,86.32478632
1391,neg,neg,Monomoy,2018,F,NA,35.8,111,84,75.67567568
1394,neg,neg,Monomoy,2018,F,V,27.8,101,87,86.13861386
1397,neg,pos,Monomoy,2018,F,V,35.8,109,92,84.40366972
1421,neg,pos,Monomoy,2018,F,V,27,100,85,85
1430,pos,neg,Muskeget,2018,F,V,39.8,94,97,103.1914894
1401,neg,pos,Muskeget,2019,F,V,39.2,103,96,93.2038835
1402,pos,pos,Muskeget,2019,M,V,32,101,86,85.14851485
1403,pos,neg,Muskeget,2019,F,V,37.2,112,105,93.75
1404,pos,neg,Muskeget,2019,F,V,31.8,95,97,102.1052632
1405,pos,neg,Muskeget,2019,F,V,31.2,97,94,96.90721649
1406,neg,neg,Muskeget,2019,F,V,33.2,109,87,79.81651376
1407,pos,neg,Muskeget,2019,M,V,49.8,123,110,89.43089431
1414,neg,neg,Great Point,2019,M,V,24.8,104.5,81,77.51196172
1461,pos,neg,Great Point,2019,M,IV,20.4,92,71,77.17391304
1463,pos,neg,Great Point,2019,F,IV,27.2,101,82,81.18811881
1465,pos,neg,Great Point,2019,F,V,30.2,NA,NA,NA
1476,neg,neg,Muskeget,2019,M,V,41.2,131,92,70.22900763
1501,neg,pos,Monomoy,2019,M,V,28.2,102,84.5,82.84313725
1506,neg,neg,Monomoy,2019,F,V,42,117,108,92.30769231
1507,pos,neg,Monomoy,2019,F,IV,29.8,105,102,97.14285714
1512,neg,pos,Monomoy,2019,F,V,43,102,92,90.19607843
1513,pos,neg,Monomoy,2019,F,V,26.8,99,80.5,81.31313131
1514,neg,neg,Monomoy,2019,M,V,23.4,93.5,79,84.49197861
1516,neg,neg,Monomoy,2019,F,V,34.4,119,NA,NA
1518,neg,neg,Monomoy,2019,F,V,36.2,111,96.5,86.93693694
1519,neg,pos,Monomoy,2019,F,V,38.2,105,102,97.14285714
1522,neg,neg,Monomoy,2019,F,V,43.4,106,105,99.05660377
1527,neg,neg,Monomoy,2019,F,V,33.4,109,98,89.90825688
1528,neg,pos,Monomoy,2019,F,V,39,105,NA,NA
1529,neg,neg,Monomoy,2019,M,V,30.4,98,109,111.2244898
246,neg,neg,Great Point,2020,F,V,24.8,94,79,84.04255319
248,neg,neg,Great Point,2020,M,V,35.4,96,93,96.875
1554,neg,neg,Muskeget,2020,M,V,52,112,105.5,94.19642857
1555,neg,neg,Muskeget,2020,M,V,30.6,96,86.5,90.10416667
1556,pos,neg,Muskeget,2020,M,IV,35.3,103,90.5,87.86407767
1562,neg,neg,Muskeget,2020,M,V,42,118,100,84.74576271
1563,neg,pos,Muskeget,2020,M,V,48.2,107,102.5,95.79439252
1581,pos,neg,Muskeget,2020,M,IV,NA,117,96,82.05128205
1586,pos,neg,Muskeget,2020,F,IV,34.8,102,88.5,86.76470588
1663,pos,neg,Muskeget,2020,M,V,40,107,100.5,93.92523364
2009,neg,neg,Monomoy,2023,F,IV,41.6,125,97,77.6
2010,neg,pos,Monomoy,2023,F,V,40.2,112,101,90.17857143
2012,neg,neg,Monomoy,2023,F,V,42.4,104,99.5,95.67307692
2013,neg,neg,Monomoy,2023,M,IV,32.4,105,90,85.71428571
2014,neg,neg,Monomoy,2023,F,IV,20,100,76,76
2015,neg,neg,Monomoy,2023,F,V,30,94,88,93.61702128
2017,neg,pos,Monomoy,2023,M,V,40,118.5,95,80.16877637
2021,neg,pos,Monomoy,2023,F,V,NA,105,116,110.4761905
2022,neg,pos,Monomoy,2023,F,V,39.2,109,NA,NA
2023,neg,pos,Monomoy,2023,NA,NA,NA,116,NA,NA
2024,neg,neg,Monomoy,2023,M,V,31,103,83,80.58252427
2025,neg,pos,Monomoy,2023,F,V,32.4,101,102,100.990099
2026,neg,neg,Monomoy,2023,F,V,38.6,100,97.5,97.5
2030,neg,pos,Monomoy,2023,M,V,36.2,102,94,92.15686275
2032,neg,neg,Great Point,2023,M,IV,13.8,83,63.5,76.5060241
2033,neg,pos,Great Point,2023,M,V,37.7,126,95,75.3968254
2034,neg,neg,Great Point,2023,F,V,32.8,122,93.5,76.63934426
2037,neg,pos,Great Point,2023,M,V,30.6,119,87.5,73.52941176
2081,neg,pos,Muskeget,2023,M,V,47.4,119,102,85.71428571
2088,neg,neg,Muskeget,2023,F,IV,25.4,100,83,83
2096,neg,neg,Muskeget,2023,F,V,37.2,114.5,100.5,87.77292576
2097,neg,neg,Muskeget,2023,F,IV,29.4,109,92,84.40366972
2098,pos,neg,Muskeget,2023,F,V,38.6,112,99,88.39285714
2099,neg,neg,Muskeget,2023,M,V,42.6,115,NA,NA
2104,neg,pos,Muskeget,2023,M,V,48.8,118,96,81.3559322
2106,neg,pos,Muskeget,2023,M,V,41.8,107,107,100
