Analyte,Type,Well,Description,%CV,Conc in Range,Obs Conc,Exp Conc,(Obs/Exp) * 100,Dilution
GM-CSF (14),B,"A1,B1",,5.24,,,,,1
GM-CSF (14),S1,"C1,D1",,1.46,12.06,12.06,12.21,99,1
GM-CSF (14),S2,"E1,F1",,3.17,49.46,49.46,48.83,101,1
GM-CSF (14),S3,"G1,H1",,5.08,192.83,192.83,195.31,99,1
GM-CSF (14),S4,"A2,B2",,0.81,784.47,784.47,781.25,100,1
GM-CSF (14),S5,"C2,D2",,6.29,3203.31,3203.31,3125,103,1
GM-CSF (14),S6,"E2,F2",,0.94,11764.52,11764.52,12500,94,1
GM-CSF (14),S7,"G2,H2",,1.14,53011.66,53011.66,50000,106,1
GM-CSF (14),X1,"A3,B3",QC1,12.86,353.36,353.36,,,1
GM-CSF (14),X2,"C3,D3",QC2,4.11,1848.49,1848.49,,,1
GM-CSF (14),X3,"E3,F3",246,6.15,OOR <,OOR <,,,3
GM-CSF (14),X4,"G3,H3",248,3.29,OOR <,OOR <,,,3
GM-CSF (14),X5,"A4,B4",271,5.98,OOR <,OOR <,,,3
GM-CSF (14),X6,"C4,D4",853,9.43,OOR <,OOR <,,,3
GM-CSF (14),X7,"E4,F4",861,5.66,OOR <,OOR <,,,3
GM-CSF (14),X8,"G4,H4",862,6.15,OOR <,OOR <,,,3
GM-CSF (14),X9,"A5,B5",869,3.29,OOR <,OOR <,,,3
GM-CSF (14),X10,"C5,D5",896,3.63,OOR <,*8.25,,,3
GM-CSF (14),X11,"E5,F5",900,0,OOR <,OOR <,,,3
GM-CSF (14),X12,"G5,H5",1206,5.66,OOR <,OOR <,,,3
GM-CSF (14),X13,"A6,B6",1209,6.73,OOR <,OOR <,,,3
GM-CSF (14),X14,"C6,D6",1211,11.79,OOR <,OOR <,,,3
GM-CSF (14),X15,"E6,F6",1221,6.73,OOR <,OOR <,,,3
GM-CSF (14),X16,"G6,H6",1224,11.79,OOR <,OOR <,,,3
GM-CSF (14),X17,"A7,B7",1228,6.15,OOR <,OOR <,,,3
GM-CSF (14),X18,"C7,D7",1235,0,OOR <,OOR <,,,3
GM-CSF (14),X19,"E7,F7",1239,6.15,OOR <,OOR <,,,3
GM-CSF (14),X20,"G7,H7",1244,6.73,OOR <,OOR <,,,3
GM-CSF (14),X21,"A8,B8",1256,3.29,OOR <,OOR <,,,3
GM-CSF (14),X22,"C8,D8",1257,7.44,OOR <,OOR <,,,3
GM-CSF (14),X23,"E8,F8",1258,5.66,OOR <,OOR <,,,3
GM-CSF (14),X24,"G8,H8",1261,0,OOR <,OOR <,,,3
GM-CSF (14),X25,"A9,B9",1262,0,OOR <,OOR <,,,3
GM-CSF (14),X26,"C9,D9",1265,0,OOR <,OOR <,,,3
GM-CSF (14),X27,"E9,F9",1272,6.15,OOR <,OOR <,,,3
GM-CSF (14),X28,"G9,H9",1273,13.69,OOR <,OOR <,,,3
GM-CSF (14),X29,"A10,B10",1274,0,OOR <,OOR <,,,3
GM-CSF (14),X30,"C10,D10",1282,12.86,OOR <,OOR <,,,3
GM-CSF (14),X31,"E10,F10",1283,0,OOR <,OOR <,,,3
GM-CSF (14),X32,"G10,H10",1288,5.66,OOR <,OOR <,,,3
GM-CSF (14),X33,"A11,B11",1301,10.35,OOR <,OOR <,,,3
GM-CSF (14),X34,"C11,D11",1302,8.32,OOR <,OOR <,,,3
GM-CSF (14),X35,"E11,F11",1303,6.15,OOR <,OOR <,,,3
GM-CSF (14),X36,"G11,H11",1304,10.1,OOR <,OOR <,,,3
GM-CSF (14),X37,"A12,B12",1305,6.73,OOR <,OOR <,,,3
GM-CSF (14),X38,"C12,D12",1306,10.88,OOR <,OOR <,,,3
GM-CSF (14),X39,"E12,F12",1308,6.15,OOR <,OOR <,,,3
GM-CSF (14),X40,"G12,H12",1324,12.86,OOR <,OOR <,,,3
IFNg (25),B,"A1,B1",,7.44,,,,,1
IFNg (25),S1,"C1,D1",,10.88,2.46,2.46,2.44,101,1
IFNg (25),S2,"E1,F1",,7,9.48,9.48,9.77,97,1
IFNg (25),S3,"G1,H1",,3.86,41.79,41.79,39.06,107,1
IFNg (25),S4,"A2,B2",,8.91,147.76,147.76,156.25,95,1
IFNg (25),S5,"C2,D2",,12.96,643.03,643.03,625,103,1
IFNg (25),S6,"E2,F2",,1.8,2474.4,2474.4,2500,99,1
IFNg (25),S7,"G2,H2",,1.9,10182.58,10182.58,10000,102,1
IFNg (25),X1,"A3,B3",QC1,0.69,98.32,98.32,,,1
IFNg (25),X2,"C3,D3",QC2,4.38,600.09,600.09,,,1
IFNg (25),X3,"E3,F3",246,12.86,OOR <,*0.86,,,3
IFNg (25),X4,"G3,H3",248,5.24,OOR <,*2.90,,,3
IFNg (25),X5,"A4,B4",271,7.44,OOR <,OOR <,,,3
IFNg (25),X6,"C4,D4",853,3.45,8.12,8.12,,,3
IFNg (25),X7,"E4,F4",861,7.44,OOR <,OOR <,,,3
IFNg (25),X8,"G4,H4",862,0,OOR <,OOR <,,,3
IFNg (25),X9,"A5,B5",869,8.32,OOR <,OOR <,,,3
IFNg (25),X10,"C5,D5",896,6.15,OOR <,*1.28,,,3
IFNg (25),X11,"E5,F5",900,7.44,OOR <,OOR <,,,3
IFNg (25),X12,"G5,H5",1206,16.23,OOR <,*4.24,,,3
IFNg (25),X13,"A6,B6",1209,4.71,14.78,14.78,,,3
IFNg (25),X14,"C6,D6",1211,0,OOR <,OOR <,,,3
IFNg (25),X15,"E6,F6",1221,0,OOR <,OOR <,,,3
IFNg (25),X16,"G6,H6",1224,6.73,OOR <,*0.42,,,3
IFNg (25),X17,"A7,B7",1228,4.56,OOR <,*4.43,,,3
IFNg (25),X18,"C7,D7",1235,0,OOR <,OOR <,,,3
IFNg (25),X19,"E7,F7",1239,6.15,OOR <,OOR <,,,3
IFNg (25),X20,"G7,H7",1244,11.79,OOR <,*1.70,,,3
IFNg (25),X21,"A8,B8",1256,7.44,OOR <,OOR <,,,3
IFNg (25),X22,"C8,D8",1257,0,OOR <,OOR <,,,3
IFNg (25),X23,"E8,F8",1258,6.15,OOR <,*1.28,,,3
IFNg (25),X24,"G8,H8",1261,0,OOR <,OOR <,,,3
IFNg (25),X25,"A9,B9",1262,0,OOR <,OOR <,,,3
IFNg (25),X26,"C9,D9",1265,5.24,OOR <,*2.90,,,3
IFNg (25),X27,"E9,F9",1272,4.77,79.94,79.94,,,3
IFNg (25),X28,"G9,H9",1273,7.44,OOR <,OOR <,,,3
IFNg (25),X29,"A10,B10",1274,9.43,OOR <,OOR <,,,3
IFNg (25),X30,"C10,D10",1282,1.89,OOR <,*6.85,,,3
IFNg (25),X31,"E10,F10",1283,0,OOR <,OOR <,,,3
IFNg (25),X32,"G10,H10",1288,0,OOR <,OOR <,,,3
IFNg (25),X33,"A11,B11",1301,7.44,OOR <,OOR <,,,3
IFNg (25),X34,"C11,D11",1302,0,OOR <,OOR <,,,3
IFNg (25),X35,"E11,F11",1303,8.66,OOR <,*1.90,,,3
IFNg (25),X36,"G11,H11",1304,0,OOR <,*2.50,,,3
IFNg (25),X37,"A12,B12",1305,0,OOR <,*0.86,,,3
IFNg (25),X38,"C12,D12",1306,8.32,OOR <,OOR <,,,3
IFNg (25),X39,"E12,F12",1308,8.32,OOR <,OOR <,,,3
IFNg (25),X40,"G12,H12",1324,3.14,OOR <,*1.07,,,3
IL-2 (29),B,"A1,B1",,0,,,,,1
IL-2 (29),S1,"C1,D1",,2.67,12.29,12.29,12.21,101,1
IL-2 (29),S2,"E1,F1",,7.57,48.27,48.27,48.83,99,1
IL-2 (29),S3,"G1,H1",,5.57,196.49,196.49,195.31,101,1
IL-2 (29),S4,"A2,B2",,9.47,785.46,785.46,781.25,101,1
IL-2 (29),S5,"C2,D2",,12,3089.69,3089.69,3125,99,1
IL-2 (29),S6,"E2,F2",,0.71,12713.57,12713.57,12500,102,1
IL-2 (29),S7,"G2,H2",,0.91,48938.13,48938.13,50000,98,1
IL-2 (29),X1,"A3,B3",QC1,6.31,347.49,347.49,,,1
IL-2 (29),X2,"C3,D3",QC2,2.63,1917.65,1917.65,,,1
IL-2 (29),X3,"E3,F3",246,5.24,OOR <,OOR <,,,3
IL-2 (29),X4,"G3,H3",248,1.24,322.39,322.39,,,3
IL-2 (29),X5,"A4,B4",271,7.07,OOR <,*17.61,,,3
IL-2 (29),X6,"C4,D4",853,2.4,OOR <,*2.87,,,3
IL-2 (29),X7,"E4,F4",861,5.44,OOR <,*35.37,,,3
IL-2 (29),X8,"G4,H4",862,4.04,OOR <,*10.44,,,3
IL-2 (29),X9,"A5,B5",869,0,OOR <,OOR <,,,3
IL-2 (29),X10,"C5,D5",896,7.86,65.99,65.99,,,3
IL-2 (29),X11,"E5,F5",900,5.24,OOR <,OOR <,,,3
IL-2 (29),X12,"G5,H5",1206,5.66,OOR <,OOR <,,,3
IL-2 (29),X13,"A6,B6",1209,0,OOR <,*14.72,,,3
IL-2 (29),X14,"C6,D6",1211,5.24,OOR <,OOR <,,,3
IL-2 (29),X15,"E6,F6",1221,11.79,OOR <,OOR <,,,3
IL-2 (29),X16,"G6,H6",1224,5.81,OOR <,*12.57,,,3
IL-2 (29),X17,"A7,B7",1228,3.01,OOR <,OOR <,,,3
IL-2 (29),X18,"C7,D7",1235,4.29,OOR <,*7.64,,,3
IL-2 (29),X19,"E7,F7",1239,5.89,OOR <,*29.38,,,3
IL-2 (29),X20,"G7,H7",1244,17.68,OOR <,*6.25,,,3
IL-2 (29),X21,"A8,B8",1256,0,OOR <,OOR <,,,3
IL-2 (29),X22,"C8,D8",1257,0,OOR <,OOR <,,,3
IL-2 (29),X23,"E8,F8",1258,7.07,OOR <,*17.61,,,3
IL-2 (29),X24,"G8,H8",1261,5.66,OOR <,OOR <,,,3
IL-2 (29),X25,"A9,B9",1262,4.71,47.5,47.5,,,3
IL-2 (29),X26,"C9,D9",1265,11.79,OOR <,OOR <,,,3
IL-2 (29),X27,"E9,F9",1272,5.24,OOR <,OOR <,,,3
IL-2 (29),X28,"G9,H9",1273,26.52,OOR <,*6.25,,,3
IL-2 (29),X29,"A10,B10",1274,9.03,OOR <,OOR <,,,3
IL-2 (29),X30,"C10,D10",1282,5.24,OOR <,OOR <,,,3
IL-2 (29),X31,"E10,F10",1283,12.86,OOR <,OOR <,,,3
IL-2 (29),X32,"G10,H10",1288,0,41.41,41.41,,,3
IL-2 (29),X33,"A11,B11",1301,11.79,OOR <,OOR <,,,3
IL-2 (29),X34,"C11,D11",1302,6.15,OOR <,OOR <,,,3
IL-2 (29),X35,"E11,F11",1303,13.69,OOR <,*4.88,,,3
IL-2 (29),X36,"G11,H11",1304,23.57,OOR <,OOR <,,,3
IL-2 (29),X37,"A12,B12",1305,2.67,36.87,36.87,,,3
IL-2 (29),X38,"C12,D12",1306,7.79,52.86,52.86,,,3
IL-2 (29),X39,"E12,F12",1308,10.1,OOR <,*0.93,,,3
IL-2 (29),X40,"G12,H12",1324,0,OOR <,*3.54,,,3
IL-6 (35),B,"A1,B1",,0,,,,,1
IL-6 (35),S1,"C1,D1",,0,12.21,12.21,12.21,100,1
IL-6 (35),S2,"E1,F1",,9.29,48.97,48.97,48.83,100,1
IL-6 (35),S3,"G1,H1",,5.26,193.26,193.26,195.31,99,1
IL-6 (35),S4,"A2,B2",,6.51,796.58,796.58,781.25,102,1
IL-6 (35),S5,"C2,D2",,8.11,3057.87,3057.87,3125,98,1
IL-6 (35),S6,"E2,F2",,3.5,12791.09,12791.09,12500,102,1
IL-6 (35),S7,"G2,H2",,3.93,49175.84,49175.84,50000,98,1
IL-6 (35),X1,"A3,B3",QC1,8.83,343.86,343.86,,,1
IL-6 (35),X2,"C3,D3",QC2,6.36,1709.54,1709.54,,,1
IL-6 (35),X3,"E3,F3",246,0,OOR <,OOR <,,,3
IL-6 (35),X4,"G3,H3",248,4.29,OOR <,OOR <,,,3
IL-6 (35),X5,"A4,B4",271,7.86,OOR <,*2.39,,,3
IL-6 (35),X6,"C4,D4",853,0,OOR <,OOR <,,,3
IL-6 (35),X7,"E4,F4",861,0,OOR <,OOR <,,,3
IL-6 (35),X8,"G4,H4",862,4.56,OOR <,OOR <,,,3
IL-6 (35),X9,"A5,B5",869,2.18,OOR <,OOR <,,,3
IL-6 (35),X10,"C5,D5",896,4.29,OOR <,OOR <,,,3
IL-6 (35),X11,"E5,F5",900,18.86,OOR <,OOR <,,,3
IL-6 (35),X12,"G5,H5",1206,9.43,OOR <,OOR <,,,3
IL-6 (35),X13,"A6,B6",1209,10.1,OOR <,OOR <,,,3
IL-6 (35),X14,"C6,D6",1211,5.24,OOR <,OOR <,,,3
IL-6 (35),X15,"E6,F6",1221,7.71,OOR <,OOR <,,,3
IL-6 (35),X16,"G6,H6",1224,0,OOR <,OOR <,,,3
IL-6 (35),X17,"A7,B7",1228,2.67,OOR <,OOR <,,,3
IL-6 (35),X18,"C7,D7",1235,4.56,OOR <,OOR <,,,3
IL-6 (35),X19,"E7,F7",1239,5.24,OOR <,OOR <,,,3
IL-6 (35),X20,"G7,H7",1244,16.78,OOR <,OOR <,,,3
IL-6 (35),X21,"A8,B8",1256,1.7,OOR <,*10.25,,,3
IL-6 (35),X22,"C8,D8",1257,0,OOR <,OOR <,,,3
IL-6 (35),X23,"E8,F8",1258,4.56,OOR <,OOR <,,,3
IL-6 (35),X24,"G8,H8",1261,5.24,OOR <,OOR <,,,3
IL-6 (35),X25,"A9,B9",1262,2.89,OOR <,OOR <,,,3
IL-6 (35),X26,"C9,D9",1265,0,OOR <,OOR <,,,3
IL-6 (35),X27,"E9,F9",1272,3.82,OOR <,*3.83,,,3
IL-6 (35),X28,"G9,H9",1273,18.86,OOR <,OOR <,,,3
IL-6 (35),X29,"A10,B10",1274,10.88,OOR <,OOR <,,,3
IL-6 (35),X30,"C10,D10",1282,2.57,OOR <,OOR <,,,3
IL-6 (35),X31,"E10,F10",1283,5.66,OOR <,OOR <,,,3
IL-6 (35),X32,"G10,H10",1288,5.44,OOR <,OOR <,,,3
IL-6 (35),X33,"A11,B11",1301,0,OOR <,OOR <,,,3
IL-6 (35),X34,"C11,D11",1302,3.39,129.63,129.63,,,3
IL-6 (35),X35,"E11,F11",1303,0,OOR <,OOR <,,,3
IL-6 (35),X36,"G11,H11",1304,5.66,OOR <,OOR <,,,3
IL-6 (35),X37,"A12,B12",1305,5.24,OOR <,OOR <,,,3
IL-6 (35),X38,"C12,D12",1306,10.88,OOR <,OOR <,,,3
IL-6 (35),X39,"E12,F12",1308,0,OOR <,OOR <,,,3
IL-6 (35),X40,"G12,H12",1324,5.24,OOR <,OOR <,,,3
IL-7 (36),B,"A1,B1",,4.88,,,,,1
IL-7 (36),S1,"C1,D1",,1.59,12.68,12.68,12.21,104,1
IL-7 (36),S2,"E1,F1",,2.95,45.19,45.19,48.83,93,1
IL-7 (36),S3,"G1,H1",,8.06,212.21,212.21,195.31,109,1
IL-7 (36),S4,"A2,B2",,1.39,764.36,764.36,781.25,98,1
IL-7 (36),S5,"C2,D2",,9.54,3091.52,3091.52,3125,99,1
IL-7 (36),S6,"E2,F2",,1.06,12662.33,12662.33,12500,101,1
IL-7 (36),S7,"G2,H2",,2.81,49646.26,49646.26,50000,99,1
IL-7 (36),X1,"A3,B3",QC1,8.03,309.91,309.91,,,1
IL-7 (36),X2,"C3,D3",QC2,0.33,1660.68,1660.68,,,1
IL-7 (36),X3,"E3,F3",246,2.89,OOR <,*6.13,,,3
IL-7 (36),X4,"G3,H3",248,0,OOR <,*5.44,,,3
IL-7 (36),X5,"A4,B4",271,3.29,OOR <,*35.46,,,3
IL-7 (36),X6,"C4,D4",853,7.23,557.21,557.21,,,3
IL-7 (36),X7,"E4,F4",861,5.66,OOR <,*6.83,,,3
IL-7 (36),X8,"G4,H4",862,0,OOR <,*8.26,,,3
IL-7 (36),X9,"A5,B5",869,10.88,OOR <,*8.26,,,3
IL-7 (36),X10,"C5,D5",896,0,69.5,69.5,,,3
IL-7 (36),X11,"E5,F5",900,10.88,OOR <,*8.26,,,3
IL-7 (36),X12,"G5,H5",1206,6.73,OOR <,*1.57,,,3
IL-7 (36),X13,"A6,B6",1209,2.89,OOR <,*6.13,,,3
IL-7 (36),X14,"C6,D6",1211,6.15,OOR <,*4.09,,,3
IL-7 (36),X15,"E6,F6",1221,16.97,OOR <,*6.83,,,3
IL-7 (36),X16,"G6,H6",1224,3.14,OOR <,*3.44,,,3
IL-7 (36),X17,"A7,B7",1228,6.15,OOR <,*4.09,,,3
IL-7 (36),X18,"C7,D7",1235,1.75,OOR <,*31.21,,,3
IL-7 (36),X19,"E7,F7",1239,12.86,OOR <,*2.80,,,3
IL-7 (36),X20,"G7,H7",1244,12.86,OOR <,*18.91,,,3
IL-7 (36),X21,"A8,B8",1256,6.15,OOR <,*4.09,,,3
IL-7 (36),X22,"C8,D8",1257,4.71,OOR <,*14.22,,,3
IL-7 (36),X23,"E8,F8",1258,5.24,OOR <,*9.71,,,3
IL-7 (36),X24,"G8,H8",1261,2.18,OOR <,*18.12,,,3
IL-7 (36),X25,"A9,B9",1262,6.73,OOR <,*1.57,,,3
IL-7 (36),X26,"C9,D9",1265,9.43,OOR <,*3.44,,,3
IL-7 (36),X27,"E9,F9",1272,16.97,OOR <,*6.83,,,3
IL-7 (36),X28,"G9,H9",1273,24.96,OOR <,*20.50,,,3
IL-7 (36),X29,"A10,B10",1274,10.35,OOR <,*1.00,,,3
IL-7 (36),X30,"C10,D10",1282,6.15,OOR <,*4.09,,,3
IL-7 (36),X31,"E10,F10",1283,7.44,OOR <,OOR <,,,3
IL-7 (36),X32,"G10,H10",1288,6.73,OOR <,*1.57,,,3
IL-7 (36),X33,"A11,B11",1301,3.29,OOR <,*2.17,,,3
IL-7 (36),X34,"C11,D11",1302,0,OOR <,*2.80,,,3
IL-7 (36),X35,"E11,F11",1303,12.12,OOR <,*22.12,,,3
IL-7 (36),X36,"G11,H11",1304,0,OOR <,*5.44,,,3
IL-7 (36),X37,"A12,B12",1305,5.24,OOR <,*9.71,,,3
IL-7 (36),X38,"C12,D12",1306,6.15,OOR <,*4.09,,,3
IL-7 (36),X39,"E12,F12",1308,0,OOR <,*5.44,,,3
IL-7 (36),X40,"G12,H12",1324,9.03,OOR <,*4.76,,,3
IL-8 (48),B,"A1,B1",,3.01,,,,,1
IL-8 (48),S1,"C1,D1",,,,,12.21,,1
IL-8 (48),S2,"E1,F1",,0,36.99,36.99,48.83,76,1
IL-8 (48),S3,"G1,H1",,10.48,217.12,217.12,195.31,111,1
IL-8 (48),S4,"A2,B2",,5.35,754.7,754.7,781.25,97,1
IL-8 (48),S5,"C2,D2",,9.77,3158.31,3158.31,3125,101,1
IL-8 (48),S6,"E2,F2",,0.89,12488.25,12488.25,12500,100,1
IL-8 (48),S7,"G2,H2",,0.18,50057.04,50057.04,50000,100,1
IL-8 (48),X1,"A3,B3",QC1,6.33,287.51,287.51,,,1
IL-8 (48),X2,"C3,D3",QC2,13.1,1426.12,1426.12,,,1
IL-8 (48),X3,"E3,F3",246,0,OOR <,OOR <,,,3
IL-8 (48),X4,"G3,H3",248,5.66,OOR <,OOR <,,,3
IL-8 (48),X5,"A4,B4",271,6.15,OOR <,OOR <,,,3
IL-8 (48),X6,"C4,D4",853,22.33,OOR <,OOR <,,,3
IL-8 (48),X7,"E4,F4",861,0,OOR <,OOR <,,,3
IL-8 (48),X8,"G4,H4",862,0,OOR <,OOR <,,,3
IL-8 (48),X9,"A5,B5",869,6.15,OOR <,OOR <,,,3
IL-8 (48),X10,"C5,D5",896,3.01,OOR <,OOR <,,,3
IL-8 (48),X11,"E5,F5",900,6.73,OOR <,OOR <,,,3
IL-8 (48),X12,"G5,H5",1206,6.73,OOR <,OOR <,,,3
IL-8 (48),X13,"A6,B6",1209,6.73,OOR <,OOR <,,,3
IL-8 (48),X14,"C6,D6",1211,0,OOR <,OOR <,,,3
IL-8 (48),X15,"E6,F6",1221,6.15,OOR <,OOR <,,,3
IL-8 (48),X16,"G6,H6",1224,7.44,OOR <,OOR <,,,3
IL-8 (48),X17,"A7,B7",1228,0,OOR <,OOR <,,,3
IL-8 (48),X18,"C7,D7",1235,7.44,OOR <,OOR <,,,3
IL-8 (48),X19,"E7,F7",1239,6.73,OOR <,OOR <,,,3
IL-8 (48),X20,"G7,H7",1244,15.71,OOR <,OOR <,,,3
IL-8 (48),X21,"A8,B8",1256,7.44,OOR <,OOR <,,,3
IL-8 (48),X22,"C8,D8",1257,0,OOR <,OOR <,,,3
IL-8 (48),X23,"E8,F8",1258,0,OOR <,OOR <,,,3
IL-8 (48),X24,"G8,H8",1261,7.44,OOR <,OOR <,,,3
IL-8 (48),X25,"A9,B9",1262,7.44,OOR <,OOR <,,,3
IL-8 (48),X26,"C9,D9",1265,7.44,OOR <,OOR <,,,3
IL-8 (48),X27,"E9,F9",1272,7.44,OOR <,OOR <,,,3
IL-8 (48),X28,"G9,H9",1273,7.44,OOR <,OOR <,,,3
IL-8 (48),X29,"A10,B10",1274,6.15,OOR <,OOR <,,,3
IL-8 (48),X30,"C10,D10",1282,9.43,OOR <,OOR <,,,3
IL-8 (48),X31,"E10,F10",1283,7.44,OOR <,OOR <,,,3
IL-8 (48),X32,"G10,H10",1288,7.44,OOR <,OOR <,,,3
IL-8 (48),X33,"A11,B11",1301,7.44,OOR <,OOR <,,,3
IL-8 (48),X34,"C11,D11",1302,7.44,OOR <,OOR <,,,3
IL-8 (48),X35,"E11,F11",1303,6.73,OOR <,OOR <,,,3
IL-8 (48),X36,"G11,H11",1304,7.44,OOR <,OOR <,,,3
IL-8 (48),X37,"A12,B12",1305,6.73,OOR <,OOR <,,,3
IL-8 (48),X38,"C12,D12",1306,0,OOR <,OOR <,,,3
IL-8 (48),X39,"E12,F12",1308,6.15,OOR <,OOR <,,,3
IL-8 (48),X40,"G12,H12",1324,0,OOR <,OOR <,,,3
Il-15 (54),B,"A1,B1",,6.02,,,,,1
Il-15 (54),S1,"C1,D1",,2.32,11.94,11.94,12.21,98,1
Il-15 (54),S2,"E1,F1",,7.66,49.88,49.88,48.83,102,1
Il-15 (54),S3,"G1,H1",,7.42,191.52,191.52,195.31,98,1
Il-15 (54),S4,"A2,B2",,4.98,798.08,798.08,781.25,102,1
Il-15 (54),S5,"C2,D2",,9.56,3066.85,3066.85,3125,98,1
Il-15 (54),S6,"E2,F2",,1.63,12694.34,12694.34,12500,102,1
Il-15 (54),S7,"G2,H2",,0.01,49610.9,49610.9,50000,99,1
Il-15 (54),X1,"A3,B3",QC1,11.76,360.11,360.11,,,1
Il-15 (54),X2,"C3,D3",QC2,6.1,1930.59,1930.59,,,1
Il-15 (54),X3,"E3,F3",246,12.12,OOR <,OOR <,,,3
Il-15 (54),X4,"G3,H3",248,1.99,OOR <,OOR <,,,3
Il-15 (54),X5,"A4,B4",271,5.51,OOR <,OOR <,,,3
Il-15 (54),X6,"C4,D4",853,1.89,OOR <,OOR <,,,3
Il-15 (54),X7,"E4,F4",861,4.29,OOR <,OOR <,,,3
Il-15 (54),X8,"G4,H4",862,7.86,OOR <,OOR <,,,3
Il-15 (54),X9,"A5,B5",869,1.84,OOR <,OOR <,,,3
Il-15 (54),X10,"C5,D5",896,0,OOR <,OOR <,,,3
Il-15 (54),X11,"E5,F5",900,7.44,OOR <,OOR <,,,3
Il-15 (54),X12,"G5,H5",1206,15.71,OOR <,OOR <,,,3
Il-15 (54),X13,"A6,B6",1209,9.96,OOR <,OOR <,,,3
Il-15 (54),X14,"C6,D6",1211,5.81,OOR <,OOR <,,,3
Il-15 (54),X15,"E6,F6",1221,10.55,OOR <,OOR <,,,3
Il-15 (54),X16,"G6,H6",1224,9.43,OOR <,OOR <,,,3
Il-15 (54),X17,"A7,B7",1228,2.05,OOR <,OOR <,,,3
Il-15 (54),X18,"C7,D7",1235,6.53,OOR <,OOR <,,,3
Il-15 (54),X19,"E7,F7",1239,4.29,OOR <,OOR <,,,3
Il-15 (54),X20,"G7,H7",1244,11.47,OOR <,OOR <,,,3
Il-15 (54),X21,"A8,B8",1256,0,OOR <,OOR <,,,3
Il-15 (54),X22,"C8,D8",1257,4.29,OOR <,OOR <,,,3
Il-15 (54),X23,"E8,F8",1258,9.18,OOR <,OOR <,,,3
Il-15 (54),X24,"G8,H8",1261,0,OOR <,OOR <,,,3
Il-15 (54),X25,"A9,B9",1262,4.29,OOR <,OOR <,,,3
Il-15 (54),X26,"C9,D9",1265,6.33,OOR <,OOR <,,,3
Il-15 (54),X27,"E9,F9",1272,0,OOR <,OOR <,,,3
Il-15 (54),X28,"G9,H9",1273,17.68,45.2,45.2,,,3
Il-15 (54),X29,"A10,B10",1274,7.86,OOR <,OOR <,,,3
Il-15 (54),X30,"C10,D10",1282,1.99,OOR <,OOR <,,,3
Il-15 (54),X31,"E10,F10",1283,9.43,OOR <,OOR <,,,3
Il-15 (54),X32,"G10,H10",1288,4.56,OOR <,OOR <,,,3
Il-15 (54),X33,"A11,B11",1301,4.56,OOR <,OOR <,,,3
Il-15 (54),X34,"C11,D11",1302,0,OOR <,OOR <,,,3
Il-15 (54),X35,"E11,F11",1303,10.35,OOR <,OOR <,,,3
Il-15 (54),X36,"G11,H11",1304,6.53,OOR <,OOR <,,,3
Il-15 (54),X37,"A12,B12",1305,6.96,OOR <,OOR <,,,3
Il-15 (54),X38,"C12,D12",1306,12.86,OOR <,OOR <,,,3
Il-15 (54),X39,"E12,F12",1308,15.23,OOR <,OOR <,,,3
Il-15 (54),X40,"G12,H12",1324,6.33,OOR <,OOR <,,,3
IP-10 (57),B,"A1,B1",,15.71,,,,,1
IP-10 (57),S1,"C1,D1",,6.12,12.15,12.15,12.21,100,1
IP-10 (57),S2,"E1,F1",,14.93,49.05,49.05,48.83,100,1
IP-10 (57),S3,"G1,H1",,16.25,190.8,190.8,195.31,98,1
IP-10 (57),S4,"A2,B2",,0.08,877.21,877.21,781.25,112,1
IP-10 (57),S5,"C2,D2",,8.25,2611.28,2611.28,3125,84,1
IP-10 (57),S6,"E2,F2",,2.92,11537.06,11537.06,12500,92,1
IP-10 (57),S7,"G2,H2",,0.11,OOR >,92086.78,50000,184,1
IP-10 (57),X1,"A3,B3",QC1,8.93,307.73,307.73,,,1
IP-10 (57),X2,"C3,D3",QC2,2.62,1781.31,1781.31,,,1
IP-10 (57),X3,"E3,F3",246,2.48,OOR <,OOR <,,,3
IP-10 (57),X4,"G3,H3",248,3.01,OOR <,OOR <,,,3
IP-10 (57),X5,"A4,B4",271,8.66,OOR <,OOR <,,,3
IP-10 (57),X6,"C4,D4",853,0,OOR <,OOR <,,,3
IP-10 (57),X7,"E4,F4",861,1.66,OOR <,OOR <,,,3
IP-10 (57),X8,"G4,H4",862,5.66,OOR <,OOR <,,,3
IP-10 (57),X9,"A5,B5",869,5.66,OOR <,OOR <,,,3
IP-10 (57),X10,"C5,D5",896,9.08,OOR <,OOR <,,,3
IP-10 (57),X11,"E5,F5",900,15.71,OOR <,OOR <,,,3
IP-10 (57),X12,"G5,H5",1206,5.66,OOR <,OOR <,,,3
IP-10 (57),X13,"A6,B6",1209,4.04,OOR <,OOR <,,,3
IP-10 (57),X14,"C6,D6",1211,21.06,OOR <,OOR <,,,3
IP-10 (57),X15,"E6,F6",1221,6.73,OOR <,OOR <,,,3
IP-10 (57),X16,"G6,H6",1224,3.82,OOR <,OOR <,,,3
IP-10 (57),X17,"A7,B7",1228,4.29,OOR <,OOR <,,,3
IP-10 (57),X18,"C7,D7",1235,2.33,122.02,122.02,,,3
IP-10 (57),X19,"E7,F7",1239,22.33,OOR <,OOR <,,,3
IP-10 (57),X20,"G7,H7",1244,0,OOR <,OOR <,,,3
IP-10 (57),X21,"A8,B8",1256,7.44,OOR <,OOR <,,,3
IP-10 (57),X22,"C8,D8",1257,2.4,OOR <,OOR <,,,3
IP-10 (57),X23,"E8,F8",1258,15.71,OOR <,OOR <,,,3
IP-10 (57),X24,"G8,H8",1261,4.88,OOR <,OOR <,,,3
IP-10 (57),X25,"A9,B9",1262,12.12,OOR <,OOR <,,,3
IP-10 (57),X26,"C9,D9",1265,2.77,OOR <,OOR <,,,3
IP-10 (57),X27,"E9,F9",1272,0,OOR <,OOR <,,,3
IP-10 (57),X28,"G9,H9",1273,14.43,OOR <,OOR <,,,3
IP-10 (57),X29,"A10,B10",1274,12.86,OOR <,OOR <,,,3
IP-10 (57),X30,"C10,D10",1282,6.02,OOR <,OOR <,,,3
IP-10 (57),X31,"E10,F10",1283,7.44,OOR <,OOR <,,,3
IP-10 (57),X32,"G10,H10",1288,9.69,OOR <,OOR <,,,3
IP-10 (57),X33,"A11,B11",1301,42.43,OOR <,OOR <,,,3
IP-10 (57),X34,"C11,D11",1302,14.14,OOR <,OOR <,,,3
IP-10 (57),X35,"E11,F11",1303,5.66,OOR <,OOR <,,,3
IP-10 (57),X36,"G11,H11",1304,4.82,OOR <,OOR <,,,3
IP-10 (57),X37,"A12,B12",1305,15.71,OOR <,OOR <,,,3
IP-10 (57),X38,"C12,D12",1306,5.24,OOR <,OOR <,,,3
IP-10 (57),X39,"E12,F12",1308,10.1,OOR <,OOR <,,,3
IP-10 (57),X40,"G12,H12",1324,12.86,OOR <,OOR <,,,3
KC-like (61),B,"A1,B1",,8.32,,,,,1
KC-like (61),S1,"C1,D1",,2.75,12.44,12.44,12.21,102,1
KC-like (61),S2,"E1,F1",,2.23,46.04,46.04,48.83,94,1
KC-like (61),S3,"G1,H1",,6.73,210.46,210.46,195.31,108,1
KC-like (61),S4,"A2,B2",,5.1,768.51,768.51,781.25,98,1
KC-like (61),S5,"C2,D2",,6.4,3039.17,3039.17,3125,97,1
KC-like (61),S6,"E2,F2",,1.95,14083.73,14083.73,12500,113,1
KC-like (61),S7,"G2,H2",,0.24,39799.95,39799.95,50000,80,1
KC-like (61),X1,"A3,B3",QC1,10.24,507.16,507.16,,,1
KC-like (61),X2,"C3,D3",QC2,4.43,2469.07,2469.07,,,1
KC-like (61),X3,"E3,F3",246,0,OOR <,OOR <,,,3
KC-like (61),X4,"G3,H3",248,8.32,OOR <,OOR <,,,3
KC-like (61),X5,"A4,B4",271,10.88,OOR <,OOR <,,,3
KC-like (61),X6,"C4,D4",853,6.73,OOR <,OOR <,,,3
KC-like (61),X7,"E4,F4",861,10.88,OOR <,OOR <,,,3
KC-like (61),X8,"G4,H4",862,9.43,OOR <,OOR <,,,3
KC-like (61),X9,"A5,B5",869,9.43,OOR <,OOR <,,,3
KC-like (61),X10,"C5,D5",896,5.66,OOR <,OOR <,,,3
KC-like (61),X11,"E5,F5",900,0,OOR <,OOR <,,,3
KC-like (61),X12,"G5,H5",1206,16.97,OOR <,OOR <,,,3
KC-like (61),X13,"A6,B6",1209,23.57,OOR <,OOR <,,,3
KC-like (61),X14,"C6,D6",1211,6.15,OOR <,OOR <,,,3
KC-like (61),X15,"E6,F6",1221,0,OOR <,OOR <,,,3
KC-like (61),X16,"G6,H6",1224,0,OOR <,OOR <,,,3
KC-like (61),X17,"A7,B7",1228,10.88,OOR <,OOR <,,,3
KC-like (61),X18,"C7,D7",1235,10.88,OOR <,OOR <,,,3
KC-like (61),X19,"E7,F7",1239,5.24,OOR <,OOR <,,,3
KC-like (61),X20,"G7,H7",1244,0,OOR <,OOR <,,,3
KC-like (61),X21,"A8,B8",1256,12.86,OOR <,OOR <,,,3
KC-like (61),X22,"C8,D8",1257,12.86,OOR <,OOR <,,,3
KC-like (61),X23,"E8,F8",1258,0,OOR <,OOR <,,,3
KC-like (61),X24,"G8,H8",1261,5.66,OOR <,OOR <,,,3
KC-like (61),X25,"A9,B9",1262,5.24,OOR <,OOR <,,,3
KC-like (61),X26,"C9,D9",1265,20.2,OOR <,OOR <,,,3
KC-like (61),X27,"E9,F9",1272,0,OOR <,OOR <,,,3
KC-like (61),X28,"G9,H9",1273,5.24,OOR <,OOR <,,,3
KC-like (61),X29,"A10,B10",1274,5.66,OOR <,OOR <,,,3
KC-like (61),X30,"C10,D10",1282,10.88,OOR <,OOR <,,,3
KC-like (61),X31,"E10,F10",1283,0,OOR <,OOR <,,,3
KC-like (61),X32,"G10,H10",1288,10.88,OOR <,OOR <,,,3
KC-like (61),X33,"A11,B11",1301,10.88,OOR <,OOR <,,,3
KC-like (61),X34,"C11,D11",1302,0,OOR <,OOR <,,,3
KC-like (61),X35,"E11,F11",1303,10.88,OOR <,OOR <,,,3
KC-like (61),X36,"G11,H11",1304,10.88,OOR <,OOR <,,,3
KC-like (61),X37,"A12,B12",1305,5.66,OOR <,OOR <,,,3
KC-like (61),X38,"C12,D12",1306,6.73,OOR <,OOR <,,,3
KC-like (61),X39,"E12,F12",1308,0,OOR <,OOR <,,,3
KC-like (61),X40,"G12,H12",1324,12.86,OOR <,OOR <,,,3
IL-10 (63),B,"A1,B1",,3.29,,,,,1
IL-10 (63),S1,"C1,D1",,7.71,10.69,10.69,12.21,88,1
IL-10 (63),S2,"E1,F1",,3.14,51.97,51.97,48.83,106,1
IL-10 (63),S3,"G1,H1",,5.56,195.97,195.97,195.31,100,1
IL-10 (63),S4,"A2,B2",,3.68,759.33,759.33,781.25,97,1
IL-10 (63),S5,"C2,D2",,7.6,3215.56,3215.56,3125,103,1
IL-10 (63),S6,"E2,F2",,0.72,12019.45,12019.45,12500,96,1
IL-10 (63),S7,"G2,H2",,2.5,57882.81,57882.81,50000,116,1
IL-10 (63),X1,"A3,B3",QC1,3.55,392.43,392.43,,,1
IL-10 (63),X2,"C3,D3",QC2,8,2180.35,2180.35,,,1
IL-10 (63),X3,"E3,F3",246,0,OOR <,OOR <,,,3
IL-10 (63),X4,"G3,H3",248,2.89,OOR <,*4.58,,,3
IL-10 (63),X5,"A4,B4",271,6.15,OOR <,OOR <,,,3
IL-10 (63),X6,"C4,D4",853,1.89,OOR <,OOR <,,,3
IL-10 (63),X7,"E4,F4",861,0,OOR <,OOR <,,,3
IL-10 (63),X8,"G4,H4",862,3.14,OOR <,OOR <,,,3
IL-10 (63),X9,"A5,B5",869,5.05,36.18,36.18,,,3
IL-10 (63),X10,"C5,D5",896,3.29,OOR <,OOR <,,,3
IL-10 (63),X11,"E5,F5",900,6.43,OOR <,OOR <,,,3
IL-10 (63),X12,"G5,H5",1206,13.47,OOR <,OOR <,,,3
IL-10 (63),X13,"A6,B6",1209,3.29,OOR <,OOR <,,,3
IL-10 (63),X14,"C6,D6",1211,8.84,OOR <,OOR <,,,3
IL-10 (63),X15,"E6,F6",1221,10.35,OOR <,OOR <,,,3
IL-10 (63),X16,"G6,H6",1224,3.45,OOR <,OOR <,,,3
IL-10 (63),X17,"A7,B7",1228,7.44,OOR <,OOR <,,,3
IL-10 (63),X18,"C7,D7",1235,4.56,OOR <,OOR <,,,3
IL-10 (63),X19,"E7,F7",1239,10.88,OOR <,OOR <,,,3
IL-10 (63),X20,"G7,H7",1244,20.2,OOR <,OOR <,,,3
IL-10 (63),X21,"A8,B8",1256,5.11,OOR <,OOR <,,,3
IL-10 (63),X22,"C8,D8",1257,3.63,OOR <,OOR <,,,3
IL-10 (63),X23,"E8,F8",1258,3.14,OOR <,OOR <,,,3
IL-10 (63),X24,"G8,H8",1261,3.82,OOR <,OOR <,,,3
IL-10 (63),X25,"A9,B9",1262,4.04,OOR <,OOR <,,,3
IL-10 (63),X26,"C9,D9",1265,0,OOR <,OOR <,,,3
IL-10 (63),X27,"E9,F9",1272,0,OOR <,OOR <,,,3
IL-10 (63),X28,"G9,H9",1273,20.2,OOR <,OOR <,,,3
IL-10 (63),X29,"A10,B10",1274,5.11,OOR <,OOR <,,,3
IL-10 (63),X30,"C10,D10",1282,4.66,OOR <,OOR <,,,3
IL-10 (63),X31,"E10,F10",1283,4.04,OOR <,OOR <,,,3
IL-10 (63),X32,"G10,H10",1288,8.32,OOR <,OOR <,,,3
IL-10 (63),X33,"A11,B11",1301,3.82,OOR <,OOR <,,,3
IL-10 (63),X34,"C11,D11",1302,7.44,OOR <,OOR <,,,3
IL-10 (63),X35,"E11,F11",1303,8.84,OOR <,OOR <,,,3
IL-10 (63),X36,"G11,H11",1304,7.07,OOR <,OOR <,,,3
IL-10 (63),X37,"A12,B12",1305,4.04,OOR <,OOR <,,,3
IL-10 (63),X38,"C12,D12",1306,0,OOR <,OOR <,,,3
IL-10 (63),X39,"E12,F12",1308,10.88,OOR <,OOR <,,,3
IL-10 (63),X40,"G12,H12",1324,3.82,OOR <,OOR <,,,3
IL-18 (67),B,"A1,B1",,4.88,,,,,1
IL-18 (67),S1,"C1,D1",,2.32,12.28,12.28,12.21,101,1
IL-18 (67),S2,"E1,F1",,6.23,48.33,48.33,48.83,99,1
IL-18 (67),S3,"G1,H1",,10.71,194.07,194.07,195.31,99,1
IL-18 (67),S4,"A2,B2",,3.03,802.29,802.29,781.25,103,1
IL-18 (67),S5,"C2,D2",,13.74,3042.56,3042.56,3125,97,1
IL-18 (67),S6,"E2,F2",,0.72,13073.83,13073.83,12500,105,1
IL-18 (67),S7,"G2,H2",,0.62,45209.05,45209.05,50000,90,1
IL-18 (67),X1,"A3,B3",QC1,12.15,351.75,351.75,,,1
IL-18 (67),X2,"C3,D3",QC2,2.22,1988.65,1988.65,,,1
IL-18 (67),X3,"E3,F3",246,1.15,37.37,37.37,,,3
IL-18 (67),X4,"G3,H3",248,2.11,43.11,43.11,,,3
IL-18 (67),X5,"A4,B4",271,5.89,OOR <,*23.59,,,3
IL-18 (67),X6,"C4,D4",853,6.15,OOR <,*10.42,,,3
IL-18 (67),X7,"E4,F4",861,4.04,OOR <,*10.89,,,3
IL-18 (67),X8,"G4,H4",862,0,OOR <,*25.60,,,3
IL-18 (67),X9,"A5,B5",869,3.14,OOR <,*20.60,,,3
IL-18 (67),X10,"C5,D5",896,9.87,OOR <,*18.62,,,3
IL-18 (67),X11,"E5,F5",900,5.24,OOR <,*3.58,,,3
IL-18 (67),X12,"G5,H5",1206,15.23,41.02,41.02,,,3
IL-18 (67),X13,"A6,B6",1209,13.26,39.97,39.97,,,3
IL-18 (67),X14,"C6,D6",1211,1.79,55.82,55.82,,,3
IL-18 (67),X15,"E6,F6",1221,9.75,OOR <,*33.76,,,3
IL-18 (67),X16,"G6,H6",1224,4.56,37.89,37.89,,,3
IL-18 (67),X17,"A7,B7",1228,10.1,61.19,61.19,,,3
IL-18 (67),X18,"C7,D7",1235,5.81,49.43,49.43,,,3
IL-18 (67),X19,"E7,F7",1239,0,OOR <,*29.66,,,3
IL-18 (67),X20,"G7,H7",1244,16.64,44.16,44.16,,,3
IL-18 (67),X21,"A8,B8",1256,0,OOR <,*27.62,,,3
IL-18 (67),X22,"C8,D8",1257,3.93,48.38,48.38,,,3
IL-18 (67),X23,"E8,F8",1258,0,39.97,39.97,,,3
IL-18 (67),X24,"G8,H8",1261,0,OOR <,*11.84,,,3
IL-18 (67),X25,"A9,B9",1262,1.1,40.49,40.49,,,3
IL-18 (67),X26,"C9,D9",1265,7.44,OOR <,*32.73,,,3
IL-18 (67),X27,"E9,F9",1272,2.7,55.29,55.29,,,3
IL-18 (67),X28,"G9,H9",1273,24.51,51.56,51.56,,,3
IL-18 (67),X29,"A10,B10",1274,16.32,OOR <,*27.62,,,3
IL-18 (67),X30,"C10,D10",1282,6.61,OOR <,*29.15,,,3
IL-18 (67),X31,"E10,F10",1283,7.71,OOR <,*30.68,,,3
IL-18 (67),X32,"G10,H10",1288,3.63,OOR <,*14.72,,,3
IL-18 (67),X33,"A11,B11",1301,10.88,41.02,41.02,,,3
IL-18 (67),X34,"C11,D11",1302,3.63,54.75,54.75,,,3
IL-18 (67),X35,"E11,F11",1303,3.14,OOR <,*20.60,,,3
IL-18 (67),X36,"G11,H11",1304,16.64,44.16,44.16,,,3
IL-18 (67),X37,"A12,B12",1305,2.89,OOR <,*24.59,,,3
IL-18 (67),X38,"C12,D12",1306,10.48,OOR <,*29.66,,,3
IL-18 (67),X39,"E12,F12",1308,12.86,53.69,53.69,,,3
IL-18 (67),X40,"G12,H12",1324,0,OOR <,*33.76,,,3
MCP-1 (74),B,"A1,B1",,0,,,,,1
MCP-1 (74),S1,"C1,D1",,0,OOR <,OOR <,12.21,***,1
MCP-1 (74),S2,"E1,F1",,4.56,54.09,54.09,48.83,111,1
MCP-1 (74),S3,"G1,H1",,4.62,192.38,192.38,195.31,99,1
MCP-1 (74),S4,"A2,B2",,2.07,784.05,784.05,781.25,100,1
MCP-1 (74),S5,"C2,D2",,6.16,OOR >,1017.57,3125,33,1
MCP-1 (74),S6,"E2,F2",,4.62,OOR >,OOR >,12500,***,1
MCP-1 (74),S7,"G2,H2",,,,,50000,,1
MCP-1 (74),X1,"A3,B3",QC1,6.12,360.55,360.55,,,1
MCP-1 (74),X2,"C3,D3",QC2,1.61,OOR >,950.32,,,1
MCP-1 (74),X3,"E3,F3",246,5.66,OOR <,OOR <,,,3
MCP-1 (74),X4,"G3,H3",248,0,OOR <,OOR <,,,3
MCP-1 (74),X5,"A4,B4",271,8.32,OOR <,69.73,,,3
MCP-1 (74),X6,"C4,D4",853,11.79,OOR <,OOR <,,,3
MCP-1 (74),X7,"E4,F4",861,5.66,OOR <,OOR <,,,3
MCP-1 (74),X8,"G4,H4",862,4.56,OOR <,OOR <,,,3
MCP-1 (74),X9,"A5,B5",869,10.1,OOR <,OOR <,,,3
MCP-1 (74),X10,"C5,D5",896,10.88,OOR <,OOR <,,,3
MCP-1 (74),X11,"E5,F5",900,0,OOR <,OOR <,,,3
MCP-1 (74),X12,"G5,H5",1206,5.66,OOR <,OOR <,,,3
MCP-1 (74),X13,"A6,B6",1209,11.79,OOR <,OOR <,,,3
MCP-1 (74),X14,"C6,D6",1211,0,OOR <,OOR <,,,3
MCP-1 (74),X15,"E6,F6",1221,3.01,OOR <,OOR <,,,3
MCP-1 (74),X16,"G6,H6",1224,5.66,OOR <,OOR <,,,3
MCP-1 (74),X17,"A7,B7",1228,5.66,OOR <,OOR <,,,3
MCP-1 (74),X18,"C7,D7",1235,0,OOR <,OOR <,,,3
MCP-1 (74),X19,"E7,F7",1239,6.15,OOR <,OOR <,,,3
MCP-1 (74),X20,"G7,H7",1244,5.66,OOR <,OOR <,,,3
MCP-1 (74),X21,"A8,B8",1256,6.15,OOR <,OOR <,,,3
MCP-1 (74),X22,"C8,D8",1257,5.66,OOR <,OOR <,,,3
MCP-1 (74),X23,"E8,F8",1258,0,OOR <,OOR <,,,3
MCP-1 (74),X24,"G8,H8",1261,6.15,OOR <,OOR <,,,3
MCP-1 (74),X25,"A9,B9",1262,0,OOR <,OOR <,,,3
MCP-1 (74),X26,"C9,D9",1265,16.97,OOR <,OOR <,,,3
MCP-1 (74),X27,"E9,F9",1272,0,OOR <,OOR <,,,3
MCP-1 (74),X28,"G9,H9",1273,10.88,OOR <,OOR <,,,3
MCP-1 (74),X29,"A10,B10",1274,6.73,OOR <,OOR <,,,3
MCP-1 (74),X30,"C10,D10",1282,5.24,OOR <,OOR <,,,3
MCP-1 (74),X31,"E10,F10",1283,0,OOR <,OOR <,,,3
MCP-1 (74),X32,"G10,H10",1288,0,OOR <,OOR <,,,3
MCP-1 (74),X33,"A11,B11",1301,11.79,OOR <,OOR <,,,3
MCP-1 (74),X34,"C11,D11",1302,12.86,OOR <,OOR <,,,3
MCP-1 (74),X35,"E11,F11",1303,6.15,OOR <,OOR <,,,3
MCP-1 (74),X36,"G11,H11",1304,5.66,OOR <,OOR <,,,3
MCP-1 (74),X37,"A12,B12",1305,12.86,OOR <,OOR <,,,3
MCP-1 (74),X38,"C12,D12",1306,5.66,OOR <,OOR <,,,3
MCP-1 (74),X39,"E12,F12",1308,5.66,OOR <,OOR <,,,3
MCP-1 (74),X40,"G12,H12",1324,5.66,OOR <,OOR <,,,3
TNFa (76),B,"A1,B1",,8.71,,,,,1
TNFa (76),S1,"C1,D1",,6.07,12.55,12.55,12.21,103,1
TNFa (76),S2,"E1,F1",,11.19,47.65,47.65,48.83,98,1
TNFa (76),S3,"G1,H1",,9.66,195.48,195.48,195.31,100,1
TNFa (76),S4,"A2,B2",,0.92,801.99,801.99,781.25,103,1
TNFa (76),S5,"C2,D2",,7.66,3009.42,3009.42,3125,96,1
TNFa (76),S6,"E2,F2",,2.51,13199.27,13199.27,12500,106,1
TNFa (76),S7,"G2,H2",,0.42,47332.63,47332.63,50000,95,1
TNFa (76),X1,"A3,B3",QC1,8.58,276.75,276.75,,,1
TNFa (76),X2,"C3,D3",QC2,5.31,1388.49,1388.49,,,1
TNFa (76),X3,"E3,F3",246,6.73,OOR <,OOR <,,,3
TNFa (76),X4,"G3,H3",248,0,OOR <,OOR <,,,3
TNFa (76),X5,"A4,B4",271,6.15,OOR <,OOR <,,,3
TNFa (76),X6,"C4,D4",853,10.25,OOR <,OOR <,,,3
TNFa (76),X7,"E4,F4",861,8.32,OOR <,OOR <,,,3
TNFa (76),X8,"G4,H4",862,3.63,OOR <,OOR <,,,3
TNFa (76),X9,"A5,B5",869,0,OOR <,OOR <,,,3
TNFa (76),X10,"C5,D5",896,4.04,OOR <,OOR <,,,3
TNFa (76),X11,"E5,F5",900,6.73,OOR <,OOR <,,,3
TNFa (76),X12,"G5,H5",1206,12.12,OOR <,OOR <,,,3
TNFa (76),X13,"A6,B6",1209,10.88,OOR <,OOR <,,,3
TNFa (76),X14,"C6,D6",1211,0,OOR <,OOR <,,,3
TNFa (76),X15,"E6,F6",1221,9.43,OOR <,OOR <,,,3
TNFa (76),X16,"G6,H6",1224,0,OOR <,OOR <,,,3
TNFa (76),X17,"A7,B7",1228,7.44,OOR <,OOR <,,,3
TNFa (76),X18,"C7,D7",1235,4.04,OOR <,OOR <,,,3
TNFa (76),X19,"E7,F7",1239,0,OOR <,OOR <,,,3
TNFa (76),X20,"G7,H7",1244,12.86,OOR <,OOR <,,,3
TNFa (76),X21,"A8,B8",1256,0,OOR <,OOR <,,,3
TNFa (76),X22,"C8,D8",1257,4.29,OOR <,OOR <,,,3
TNFa (76),X23,"E8,F8",1258,4.04,OOR <,OOR <,,,3
TNFa (76),X24,"G8,H8",1261,6.96,OOR <,OOR <,,,3
TNFa (76),X25,"A9,B9",1262,9.43,OOR <,OOR <,,,3
TNFa (76),X26,"C9,D9",1265,7.44,OOR <,OOR <,,,3
TNFa (76),X27,"E9,F9",1272,0,OOR <,OOR <,,,3
TNFa (76),X28,"G9,H9",1273,15.23,OOR <,OOR <,,,3
TNFa (76),X29,"A10,B10",1274,13.69,OOR <,OOR <,,,3
TNFa (76),X30,"C10,D10",1282,3.82,OOR <,OOR <,,,3
TNFa (76),X31,"E10,F10",1283,4.88,OOR <,OOR <,,,3
TNFa (76),X32,"G10,H10",1288,8.84,OOR <,OOR <,,,3
TNFa (76),X33,"A11,B11",1301,0,OOR <,OOR <,,,3
TNFa (76),X34,"C11,D11",1302,5.24,OOR <,OOR <,,,3
TNFa (76),X35,"E11,F11",1303,16.64,OOR <,OOR <,,,3
TNFa (76),X36,"G11,H11",1304,4.56,OOR <,OOR <,,,3
TNFa (76),X37,"A12,B12",1305,4.56,OOR <,OOR <,,,3
TNFa (76),X38,"C12,D12",1306,4.29,OOR <,OOR <,,,3
TNFa (76),X39,"E12,F12",1308,2.05,OOR <,OOR <,,,3
TNFa (76),X40,"G12,H12",1324,0,OOR <,OOR <,,,3
